date,vwretd,mkt_crsp_mktcap
1925-12-31,,27487487.2
1926-01-31,0.000561,27624240.8
1926-02-28,-0.033046,26752064.1
1926-03-31,-0.064002,25083173.4
1926-04-30,0.037029,25886743.8
1926-05-31,0.012095,26187807.9
1926-06-30,0.053664,27537177.2
1926-07-31,0.031411,28009656.5
1926-08-31,0.028647,29042482.9
1926-09-30,0.005787,28919740.6
1926-10-31,-0.028996,28100520.5
1926-11-30,0.028554,28900725.0
1926-12-31,0.029211,30273387.2
1927-01-31,0.002416,30457880.9
1927-02-28,0.04537,31953471.3
1927-03-31,0.003756,31914640.1
1927-04-30,0.007225,32173935.3
1927-05-31,0.057773,34245736.1
1927-06-30,-0.021087,33526101.2
1927-07-31,0.075279,35804068.4
1927-08-31,0.02249,36645466.7
1927-09-30,0.049924,39953116.6
1927-10-31,-0.04077,38150716.1
1927-11-30,0.068453,40447439.4
1927-12-31,0.023782,41806899.3
1928-01-31,-0.00334,41155932.8
1928-02-29,-0.014478,40298678.6
1928-03-31,0.090478,43946023.2
1928-04-30,0.043846,45761043.5
1928-05-31,0.01769,46689799.9
1928-06-30,-0.045245,44600923.6
1928-07-31,0.0094,45217671.8
1928-08-31,0.070206,48489919.6
1928-09-30,0.031498,50127369.2
1928-10-31,0.019228,51252490.7
1928-11-30,0.1215,57564519.2
1928-12-31,0.005557,59829707.9
1929-01-31,0.053935,63751694.9
1929-02-28,-0.000446,62941161.0
1929-03-31,-0.007808,62898768.0
1929-04-30,0.017179,65326754.1
1929-05-31,-0.059923,62300380.6
1929-06-30,0.101573,69380855.4
1929-07-31,0.045958,72706424.4
1929-08-31,0.085343,80134353.8
1929-09-30,-0.050455,76152615.4
1929-10-31,-0.196684,61913687.0
1929-11-30,-0.123812,54017414.9
1929-12-31,0.01639,56455416.7
1930-01-31,0.058407,60429023.8
1930-02-28,0.028242,61898780.9
1930-03-31,0.074631,66833297.8
1930-04-30,-0.020541,65542319.1
1930-05-31,-0.01401,65184314.1
1930-06-30,-0.15998,54435394.1
1930-07-31,0.041964,57849321.2
1930-08-31,0.003663,58228874.7
1930-09-30,-0.124805,50299775.6
1930-10-31,-0.086579,46291111.1
1930-11-30,-0.028057,45053815.7
1930-12-31,-0.077739,41641850.9
1931-01-31,0.063781,44233807.2
1931-02-28,0.109695,48937324.8
1931-03-31,-0.062866,45502731.0
1931-04-30,-0.100219,40867246.9
1931-05-31,-0.133835,35352945.5
1931-06-30,0.14034,40049272.8
1931-07-31,-0.066438,37260591.6
1931-08-31,0.003078,37096785.8
1931-09-30,-0.291731,25722595.5
1931-10-31,0.081509,27740364.1
1931-11-30,-0.088402,25120457.8
1931-12-31,-0.134971,21544308.1
1932-01-31,-0.010534,21345663.4
1932-02-29,0.057663,22389672.8
1932-03-31,-0.110599,19826566.0
1932-04-30,-0.179417,16156819.6
1932-05-31,-0.206198,12678021.1
1932-06-30,-0.004289,12392613.4
1932-07-31,0.340643,16579630.0
1932-08-31,0.371388,22672420.0
1932-09-30,-0.028649,21886062.9
1932-10-31,-0.132553,18889026.8
1932-11-30,-0.05826,17697718.2
1932-12-31,0.045227,18339302.2
1933-01-31,0.009813,18536591.6
1933-02-28,-0.153204,15600182.9
1933-03-31,0.033105,15813731.9
1933-04-30,0.394143,22159068.1
1933-05-31,0.213261,26825922.2
1933-06-30,0.133364,30299248.3
1933-07-31,-0.096342,27399882.4
1933-08-31,0.121285,30684781.4
1933-09-30,-0.105836,27231512.9
1933-10-31,-0.08365,24950664.7
1933-11-30,0.099896,27400411.1
1933-12-31,0.017876,27775752.2
1934-01-31,0.126779,31241572.2
1934-02-28,-0.024287,30429138.7
1934-03-31,0.004425,30379245.6
1934-04-30,-0.018345,29865697.7
1934-05-31,-0.072273,27612799.9
1934-06-30,0.025345,28164146.3
1934-07-31,-0.109363,24986019.8
1934-08-31,0.057043,26767180.1
1934-09-30,-0.002362,26487053.8
1934-10-31,-0.018895,26092254.2
1934-11-30,0.082096,28157905.9
1934-12-31,0.003554,28113229.6
1935-01-31,-0.033416,27097822.8
1935-02-28,-0.019462,26324446.5
1935-03-31,-0.036013,25101317.7
1935-04-30,0.090452,27646747.2
1935-05-31,0.034561,28514274.7
1935-06-30,0.057796,30033506.6
1935-07-31,0.07416,32144750.1
1935-08-31,0.026773,32977159.2
1935-09-30,0.026074,33700508.1
1935-10-31,0.069439,35968841.3
1935-11-30,0.052872,37713163.8
1935-12-31,0.046926,39582694.2
1936-01-31,0.069559,42272563.6
1936-02-29,0.025402,43302576.1
1936-03-31,0.008253,43361377.8
1936-04-30,-0.081481,40281534.8
1936-05-31,0.052043,42225379.9
1936-06-30,0.024671,43221826.4
1936-07-31,0.065954,46034040.5
1936-08-31,0.01095,46342114.1
1936-09-30,0.011899,46808203.1
1936-10-31,0.069986,50082903.1
1936-11-30,0.032855,51389078.0
1936-12-31,0.002796,51610120.7
1937-01-31,0.033258,53291983.8
1937-02-28,0.013114,53954079.2
1937-03-31,-0.002732,53910122.7
1937-04-30,-0.075416,49881318.8
1937-05-31,-0.007054,49310875.8
1937-06-30,-0.041748,47231598.9
1937-07-31,0.089725,51346540.4
1937-08-31,-0.048365,48758362.2
1937-09-30,-0.136623,41956288.3
1937-10-31,-0.095798,37993021.6
1937-11-30,-0.083053,34367681.4
1937-12-31,-0.040774,32636697.3
1938-01-31,0.006776,33089179.8
1938-02-28,0.058013,34830549.9
1938-03-31,-0.238416,26427238.6
1938-04-30,0.145963,30261304.5
1938-05-31,-0.039053,29010665.1
1938-06-30,0.237914,35685196.6
1938-07-31,0.072097,38212860.2
1938-08-31,-0.027139,37047081.7
1938-09-30,0.008912,37231197.4
1938-10-31,0.078927,40112983.4
1938-11-30,-0.018206,39188031.6
1938-12-31,0.04192,40503948.4
1939-01-31,-0.060381,37925799.4
1939-02-28,0.035255,39226769.7
1939-03-31,-0.120727,34333815.2
1939-04-30,-0.001932,34221640.3
1939-05-31,0.068971,36469843.1
1939-06-30,-0.053626,34361046.1
1939-07-31,0.102243,37771800.6
1939-08-31,-0.067264,35013042.2
1939-09-30,0.161815,40539978.1
1939-10-31,-0.004191,40328803.4
1939-11-30,-0.037131,38498241.2
1939-12-31,0.029686,39426600.2
1940-01-31,-0.024215,38533043.7
1940-02-29,0.014758,38916710.0
1940-03-31,0.018643,39518662.1
1940-04-30,0.000837,39494279.7
1940-05-31,-0.221112,30548265.0
1940-06-30,0.066856,32433146.8
1940-07-31,0.031923,33422836.4
1940-08-31,0.024296,34002889.7
1940-09-30,0.023118,34665958.9
1940-10-31,0.030143,35654698.5
1940-11-30,-0.016753,34730508.9
1940-12-31,0.006586,34823119.7
1941-01-31,-0.041227,33370915.1
1941-02-28,-0.013801,32702122.8
1941-03-31,0.009515,32840146.7
1941-04-30,-0.054018,31012670.0
1941-05-31,0.013141,31177512.8
1941-06-30,0.058495,32787801.0
1941-07-31,0.059543,34700928.5
1941-08-31,-0.001156,34472096.7
1941-09-30,-0.007611,34057316.9
1941-10-31,-0.052926,32209432.7
1941-11-30,-0.020271,31137234.8
1941-12-31,-0.046692,29493311.5
1942-01-31,0.008979,29705375.3
1942-02-28,-0.023651,28815872.3
1942-03-31,-0.065145,26761999.2
1942-04-30,-0.043583,25548513.9
1942-05-31,0.060174,26893925.1
1942-06-30,0.025772,27382783.6
1942-07-31,0.035327,28277068.0
1942-08-31,0.018408,28626060.6
1942-09-30,0.027069,29232043.4
1942-10-31,0.069088,31183138.9
1942-11-30,0.001177,30897989.5
1942-12-31,0.05129,32230307.6
1943-01-31,0.073382,34560889.1
1943-02-28,0.060478,36495945.5
1943-03-31,0.061795,38558608.9
1943-04-30,0.007333,38776707.7
1943-05-31,0.057142,40779354.1
1943-06-30,0.017351,41289414.3
1943-07-31,-0.047753,39912177.8
1943-08-31,0.013444,40123653.2
1943-09-30,0.024077,40893060.0
1943-10-31,-0.011573,40485138.6
1943-11-30,-0.059903,37746620.5
1943-12-31,0.064217,39769111.3
1944-01-31,0.01803,40653798.8
1944-02-29,0.003459,40620641.5
1944-03-31,0.024768,41425735.0
1944-04-30,-0.016484,40703909.4
1944-05-31,0.050909,42494077.3
1944-06-30,0.056842,44725503.5
1944-07-31,-0.015194,44016221.8
1944-08-31,0.015597,44504045.9
1944-09-30,0.000453,44391234.9
1944-10-31,0.002119,44423701.5
1944-11-30,0.016668,44768621.4
1944-12-31,0.04107,46856309.4
1945-01-31,0.020218,47861970.3
1945-02-28,0.064477,50725183.6
1945-03-31,-0.039177,48551743.8
1945-04-30,0.078232,52320643.2
1945-05-31,0.018185,53195465.9
1945-06-30,0.004676,53280582.2
1945-07-31,-0.022066,52100238.7
1945-08-31,0.061826,55085728.9
1945-09-30,0.048297,57574558.4
1945-10-31,0.038749,59843229.6
1945-11-30,0.054859,62791336.9
1945-12-31,0.013003,64330622.1
1946-01-31,0.063402,68731812.2
1946-02-28,-0.058257,64569815.2
1946-03-31,0.057941,68233191.8
1946-04-30,0.042293,71172742.7
1946-05-31,0.040195,74107548.4
1946-06-30,-0.038668,71074175.8
1946-07-31,-0.026309,69502251.4
1946-08-31,-0.064468,64837647.7
1946-09-30,-0.102023,58060902.1
1946-10-31,-0.014164,57167870.2
1946-11-30,0.000697,56835601.4
1946-12-31,0.050161,59684383.6
1947-01-31,0.013084,60526667.4
1947-02-28,-0.011091,59499052.9
1947-03-31,-0.01679,58418819.4
1947-04-30,-0.047698,55589691.9
1947-05-31,-0.009625,54724421.8
1947-06-30,0.053227,57529909.8
1947-07-31,0.041348,59903329.3
1947-08-31,-0.017357,58761652.3
1947-09-30,-0.004667,58303587.2
1947-10-31,0.024831,59635995.6
1947-11-30,-0.01875,58106114.1
1947-12-31,0.030708,59885360.7
1948-01-31,-0.037908,57712665.3
1948-02-29,-0.043422,54814210.5
1948-03-31,0.082628,59197575.9
1948-04-30,0.038128,61466980.1
1948-05-31,0.074319,65705104.8
1948-06-30,-0.00028,65379874.8
1948-07-31,-0.050288,61917670.8
1948-08-31,0.003762,61768642.9
1948-09-30,-0.029813,59651125.0
1948-10-31,0.060316,63079798.3
1948-11-30,-0.092077,56644518.4
1948-12-31,0.032566,58301258.2
1949-01-31,0.003074,58472474.5
1949-02-28,-0.028852,56507502.4
1949-03-31,0.041538,58559914.8
1949-04-30,-0.017972,57516447.1
1949-05-31,-0.028488,55568472.9
1949-06-30,0.00218,55347129.8
1949-07-31,0.056377,58511144.0
1949-08-31,0.026916,59665079.9
1949-09-30,0.032082,61622369.6
1949-10-31,0.031801,63446520.8
1949-11-30,0.018535,63869080.0
1949-12-31,0.052267,67344403.4
1950-01-31,0.017764,68546982.0
1950-02-28,0.015234,69166503.1
1950-03-31,0.012742,70025751.8
1950-04-30,0.040678,72768915.4
1950-05-31,0.044173,75787265.9
1950-06-30,-0.058018,71044150.4
1950-07-31,0.016122,72227888.4
1950-08-31,0.050875,75228994.4
1950-09-30,0.049044,78695005.8
1950-10-31,-0.001184,78547971.9
1950-11-30,0.029056,79529141.1
1950-12-31,0.057946,84833973.9
1951-01-31,0.058735,89821367.9
1951-02-28,0.014086,90671487.8
1951-03-31,-0.021115,88759457.7
1951-04-30,0.050061,93183088.6
1951-05-31,-0.022464,90515704.1
1951-06-30,-0.025533,88262493.9
1951-07-31,0.071611,94482895.5
1951-08-31,0.045004,97941440.0
1951-09-30,0.009087,98477508.7
1951-10-31,-0.022629,96107802.9
1951-11-30,0.006193,95971264.4
1951-12-31,0.035266,100725150.0
1952-01-31,0.017002,102408916.0
1952-02-29,-0.025141,99137901.3
1952-03-31,0.04587,103564260.0
1952-04-30,-0.049148,98363134.4
1952-05-31,0.032847,100960672.0
1952-06-30,0.039575,104657381.0
1952-07-31,0.011404,105764722.0
1952-08-31,-0.006733,104261698.0
1952-09-30,-0.019147,102115737.0
1952-10-31,-0.005309,101316166.0
1952-11-30,0.059347,106401986.0
1952-12-31,0.031066,111187860.0
1953-01-31,-0.001644,110941958.0
1953-02-28,-0.00182,110010868.0
1953-03-31,-0.012862,108145450.0
1953-04-30,-0.027705,105230314.0
1953-05-31,0.006921,105398651.0
1953-06-30,-0.016377,103306735.0
1953-07-31,0.025111,105740183.0
1953-08-31,-0.044056,100318016.0
1953-09-30,0.00301,100220875.0
1953-10-31,0.047523,104727877.0
1953-11-30,0.028501,106874579.0
1953-12-31,0.000678,108286194.0
1954-01-31,0.052722,113895704.0
1954-02-28,0.017551,115084497.0
1954-03-31,0.037377,118925885.0
1954-04-30,0.043162,124094615.0
1954-05-31,0.031704,127191814.0
1954-06-30,0.01156,128253185.0
1954-07-31,0.050668,134623576.0
1954-08-31,-0.022763,130583965.0
1954-09-30,0.064633,138686714.0
1954-10-31,-0.016216,136199557.0
1954-11-30,0.095387,147831943.0
1954-12-31,0.055469,159614395.0
1955-01-31,0.006838,160540962.0
1955-02-28,0.031354,165072868.0
1955-03-31,-0.000995,164337718.0
1955-04-30,0.032352,169583268.0
1955-05-31,0.012033,170483988.0
1955-06-30,0.066108,181601452.0
1955-07-31,0.020246,185125300.0
1955-08-31,0.004197,185100170.0
1955-09-30,-0.002009,184129796.0
1955-10-31,-0.025752,178920742.0
1955-11-30,0.071864,190520413.0
1955-12-31,0.016543,197213978.0
1956-01-31,-0.02812,191445948.0
1956-02-29,0.03961,198171160.0
1956-03-31,0.068456,212017665.0
1956-04-30,0.005083,212910643.0
1956-05-31,-0.049309,201359063.0
1956-06-30,0.037251,208101994.0
1956-07-31,0.05083,218482380.0
1956-08-31,-0.02982,210719647.0
1956-09-30,-0.049608,200488460.0
1956-10-31,0.007292,201370913.0
1956-11-30,0.004678,200809905.0
1956-12-31,0.034957,211375251.0
1957-01-31,-0.032121,204530798.0
1957-02-28,-0.018703,200023624.0
1957-03-31,0.024112,204455009.0
1957-04-30,0.045179,213848579.0
1957-05-31,0.036679,221158139.0
1957-06-30,-0.005054,219540387.0
1957-07-31,0.008938,221698538.0
1957-08-31,-0.050051,209678250.0
1957-09-30,-0.057586,197008021.0
1957-10-31,-0.041251,188781112.0
1957-11-30,0.025605,192819806.0
1957-12-31,-0.037361,187753792.0
1958-01-31,0.049595,196376950.0
1958-02-28,-0.014257,192287819.0
1958-03-31,0.0337,198763615.0
1958-04-30,0.030833,204807572.0
1958-05-31,0.024582,208616830.0
1958-06-30,0.029493,214023052.0
1958-07-31,0.044844,223015579.0
1958-08-31,0.019181,226100002.0
1958-09-30,0.04868,236327473.0
1958-10-31,0.027184,242335529.0
1958-11-30,0.03061,248938946.0
1958-12-31,0.0531,267804898.0
1959-01-31,0.00912,270711180.0
1959-02-28,0.01122,272558420.0
1959-03-31,0.004669,273007793.0
1959-04-30,0.037899,283381668.0
1959-05-31,0.019595,288172001.0
1959-06-30,0.000676,287839200.0
1959-07-31,0.034362,297499307.0
1959-08-31,-0.012446,292609999.0
1959-09-30,-0.044977,278902307.0
1959-10-31,0.015746,283172761.0
1959-11-30,0.018557,287118978.0
1959-12-31,0.028043,299021494.0
1960-01-31,-0.066244,278996928.0
1960-02-29,0.014419,282326057.0
1960-03-31,-0.012822,278159487.0
1960-04-30,-0.015271,273807755.0
1960-05-31,0.034098,282146236.0
1960-06-30,0.022833,288136229.0
1960-07-31,-0.022705,281661173.0
1960-08-31,0.032215,289333471.0
1960-09-30,-0.058673,272307316.0
1960-10-31,-0.004705,270712394.0
1960-11-30,0.048617,282261348.0
1960-12-31,0.048537,299423865.0
1961-01-31,0.063952,318421966.0
1961-02-28,0.037005,328937437.0
1961-03-31,0.03061,339806367.0
1961-04-30,0.005645,341881853.0
1961-05-31,0.025894,349494365.0
1961-06-30,-0.028499,338886860.0
1961-07-31,0.029955,350321849.0
1961-08-31,0.026854,358322940.0
1961-09-30,-0.01999,350935373.0
1961-10-31,0.027331,360667013.0
1961-11-30,0.045451,375333555.0
1961-12-31,0.000713,378064824.0
1962-01-31,-0.036147,364665092.0
1962-02-28,0.019512,371979171.0
1962-03-31,-0.004688,369437300.0
1962-04-30,-0.063435,345937603.0
1962-05-31,-0.08462,315141998.0
1962-06-30,-0.082615,287510458.0
1962-07-31,0.065438,333169403.0
1962-08-31,0.023417,339267026.0
1962-09-30,-0.050158,321964576.0
1962-10-31,0.002188,321860786.0
1962-11-30,0.110137,355049378.0
1962-12-31,0.011865,360092770.0
1963-01-31,0.051848,378455049.0
1963-02-28,-0.021931,368525151.0
1963-03-31,0.032917,380298053.0
1963-04-30,0.047439,398526642.0
1963-05-31,0.020051,404612120.0
1963-06-30,-0.018031,396984905.0
1963-07-31,-0.001717,395748512.0
1963-08-31,0.052684,415158765.0
1963-09-30,-0.011898,409716707.0
1963-10-31,0.027708,420371416.0
1963-11-30,-0.005549,413915498.0
1963-12-31,0.021737,424616841.0
1964-01-31,0.02579,437650138.0
1964-02-29,0.017207,444491299.0
1964-03-31,0.017636,452020841.0
1964-04-30,0.004607,455774163.0
1964-05-31,0.017403,461940977.0
1964-06-30,0.01508,468072366.0
1964-07-31,0.020118,477817324.0
1964-08-31,-0.011266,470303904.0
1964-09-30,0.03048,484457387.0
1964-10-31,0.008869,487971179.0
1964-11-30,0.00309,484525235.0
1964-12-31,0.00369,490133350.0
1965-01-31,0.038646,508866582.0
1965-02-28,0.006946,510267940.0
1965-03-31,-0.009715,505895322.0
1965-04-30,0.033652,522847618.0
1965-05-31,-0.004351,519310301.0
1965-06-30,-0.051868,491605952.0
1965-07-31,0.01676,499281594.0
1965-08-31,0.030883,512372724.0
1965-09-30,0.031952,527972281.0
1965-10-31,0.029271,543353497.0
1965-11-30,0.003065,541238458.0
1965-12-31,0.013545,552706178.0
1966-01-31,0.012122,559235419.0
1966-02-28,-0.008621,551905846.0
1966-03-31,-0.020923,539521201.0
1966-04-30,0.024837,552098405.0
1966-05-31,-0.052538,521688629.0
1966-06-30,-0.010317,515840970.0
1966-07-31,-0.01287,509211563.0
1966-08-31,-0.075388,468280975.0
1966-09-30,-0.006958,463862760.0
1966-10-31,0.042294,483009402.0
1966-11-30,0.017516,488586767.0
1966-12-31,0.00621,495607922.0
1967-01-31,0.08553,537646864.0
1967-02-28,0.010945,542023095.0
1967-03-31,0.043384,564271297.0
1967-04-30,0.041609,587684902.0
1967-05-31,-0.039293,560449321.0
1967-06-30,0.026902,574773884.0
1967-07-31,0.04919,601295452.0
1967-08-31,-0.006282,594816002.0
1967-09-30,0.034286,613843309.0
1967-10-31,-0.027433,595430459.0
1967-11-30,0.007902,597139336.0
1967-12-31,0.033699,628633197.0
1968-01-31,-0.036331,603713421.0
1968-02-29,-0.033624,580360587.0
1968-03-31,0.005117,583399840.0
1968-04-30,0.094148,635667422.0
1968-05-31,0.02704,650684795.0
1968-06-30,0.011527,657700552.0
1968-07-31,-0.022024,641614057.0
1968-08-31,0.018037,652875071.0
1968-09-30,0.044454,680731782.0
1968-10-31,0.009042,685332214.0
1968-11-30,0.058501,724500638.0
1968-12-31,-0.033873,718326082.0
1969-01-31,-0.006711,713787749.0
1969-02-28,-0.053641,673814744.0
1969-03-31,0.030505,694296638.0
1969-04-30,0.020527,709929209.0
1969-05-31,0.00504,709928447.0
1969-06-30,-0.067388,661210036.0
1969-07-31,-0.065171,618812847.0
1969-08-31,0.051491,649951805.0
1969-09-30,-0.02259,634448735.0
1969-10-31,0.055638,669474690.0
1969-11-30,-0.032164,645499055.0
1969-12-31,-0.01968,641067360.0
1970-01-31,-0.073254,593458995.0
1970-02-28,0.056706,626771580.0
1970-03-31,-0.004729,623343428.0
1970-04-30,-0.105318,556434721.0
1970-05-31,-0.064346,517869445.0
1970-06-30,-0.051067,490900272.0
1970-07-31,0.07417,529616869.0
1970-08-31,0.050036,553707905.0
1970-09-30,0.047535,579878325.0
1970-10-31,-0.018208,568661141.0
1970-11-30,0.050449,595524012.0
1970-12-31,0.060723,639973631.0
1971-01-31,0.05203,673189112.0
1971-02-28,0.016913,681675796.0
1971-03-31,0.044778,712508489.0
1971-04-30,0.033332,736100284.0
1971-05-31,-0.036409,707719630.0
1971-06-30,0.003119,707863286.0
1971-07-31,-0.040283,680448811.0
1971-08-31,0.042511,707449375.0
1971-09-30,-0.005016,703803358.0
1971-10-31,-0.040683,674531733.0
1971-11-30,-0.001262,671735087.0
1971-12-31,0.091257,747600652.0
1972-01-31,0.028382,768829102.0
1972-02-29,0.031349,791274266.0
1972-03-31,0.008723,797660696.0
1972-04-30,0.005505,802940945.0
1972-05-31,0.016376,813021852.0
1972-06-30,-0.020897,796147338.0
1972-07-31,-0.004254,792625772.0
1972-08-31,0.035966,819930152.0
1972-09-30,-0.00767,814286500.0
1972-10-31,0.008676,820690020.0
1972-11-30,0.049764,858339642.0
1972-12-31,0.011243,1011684210.0
1973-01-31,-0.027454,983745871.0
1973-02-28,-0.04437,936247426.0
1973-03-31,-0.007857,928072293.0
1973-04-30,-0.051769,879320358.0
1973-05-31,-0.024508,853962669.0
1973-06-30,-0.008648,844981401.0
1973-07-31,0.056961,892062699.0
1973-08-31,-0.029657,861307918.0
1973-09-30,0.053931,907681576.0
1973-10-31,-0.000415,906562440.0
1973-11-30,-0.120713,792025754.0
1973-12-31,0.011437,798597652.0
1974-01-31,0.004412,800367986.0
1974-02-28,0.002345,797627920.0
1974-03-31,-0.023364,777537667.0
1974-04-30,-0.045961,740307265.0
1974-05-31,-0.041982,705434694.0
1974-06-30,-0.022943,687009025.0
1974-07-31,-0.070875,636788735.0
1974-08-31,-0.087757,575990975.0
1974-09-30,-0.109719,511239405.0
1974-10-31,0.165585,594247469.0
1974-11-30,-0.041046,567939552.0
1974-12-31,-0.027006,552898613.0
1975-01-31,0.141599,630263866.0
1975-02-28,0.058412,664343866.0
1975-03-31,0.030191,688113954.0
1975-04-30,0.046497,720520992.0
1975-05-31,0.05514,757537005.0
1975-06-30,0.051473,795648388.0
1975-07-31,-0.060385,746476335.0
1975-08-31,-0.023558,724703048.0
1975-09-30,-0.03801,695987484.0
1975-10-31,0.055857,732826062.0
1975-11-30,0.031222,753385117.0
1975-12-31,-0.010998,743822567.0
1976-01-31,0.126012,836274803.0
1976-02-29,0.00731,840563765.0
1976-03-31,0.02674,861210975.0
1976-04-30,-0.010402,852496942.0
1976-05-31,-0.009326,840829383.0
1976-06-30,0.044521,876841216.0
1976-07-31,-0.006136,870135510.0
1976-08-31,-0.001398,860196474.0
1976-09-30,0.024513,886428249.0
1976-10-31,-0.020372,867226086.0
1976-11-30,0.005363,869243936.0
1976-12-31,0.061591,921745133.0
1977-01-31,-0.036326,886029909.0
1977-02-28,-0.015744,867353560.0
1977-03-31,-0.009249,859008167.0
1977-04-30,0.004962,863682492.0
1977-05-31,-0.010777,848914926.0
1977-06-30,0.051369,892883904.0
1977-07-31,-0.012806,880793443.0
1977-08-31,-0.013338,863621929.0
1977-09-30,0.001572,864208365.0
1977-10-31,-0.039278,827420592.0
1977-11-30,0.04544,859363074.0
1977-12-31,0.008223,865931915.0
1978-01-31,-0.055199,814200371.0
1978-02-28,-0.009275,800520191.0
1978-03-31,0.034009,825041532.0
1978-04-30,0.082853,891434317.0
1978-05-31,0.02323,903968689.0
1978-06-30,-0.010749,893184978.0
1978-07-31,0.056741,942043993.0
1978-08-31,0.04237,975441708.0
1978-09-30,-0.006889,968737710.0
1978-10-31,-0.110995,858636806.0
1978-11-30,0.033787,881293940.0
1978-12-31,0.017708,898729782.0
1979-01-31,0.04953,939364902.0
1979-02-28,-0.026765,905311791.0
1979-03-31,0.065613,961414984.0
1979-04-30,0.00852,966364229.0
1979-05-31,-0.013571,944691676.0
1979-06-30,0.046852,986566243.0
1979-07-31,0.014991,998609612.0
1979-08-31,0.064732,1056618530.0
1979-09-30,0.001426,1055898070.0
1979-10-31,-0.072662,975494002.0
1979-11-30,0.063604,1032276930.0
1979-12-31,0.028215,1068232720.0
1980-01-31,0.065607,1130708960.0
1980-02-29,0.001015,1123302540.0
1980-03-31,-0.120224,984015352.0
1980-04-30,0.052287,1034713300.0
1980-05-31,0.060091,1091257650.0
1980-06-30,0.037714,1131658490.0
1980-07-31,0.069438,1210362430.0
1980-08-31,0.023554,1234931630.0
1980-09-30,0.029498,1274399090.0
1980-10-31,0.020095,1296360230.0
1980-11-30,0.104952,1424861820.0
1980-12-31,-0.034411,1385323230.0
1981-01-31,-0.040085,1328894020.0
1981-02-28,0.015519,1340861910.0
1981-03-31,0.046183,1399775770.0
1981-04-30,-0.011266,1383951610.0
1981-05-31,0.013546,1398734350.0
1981-06-30,-0.010243,1383939500.0
1981-07-31,-0.003079,1379549100.0
1981-08-31,-0.056281,1293740420.0
1981-09-30,-0.063776,1206285880.0
1981-10-31,0.060162,1267346180.0
1981-11-30,0.045848,1322540170.0
1981-12-31,-0.028096,1288286440.0
1982-01-31,-0.026209,1250148580.0
1982-02-28,-0.051126,1176241550.0
1982-03-31,-0.010101,1149984160.0
1982-04-30,0.043269,1195323790.0
1982-05-31,-0.028213,1151277790.0
1982-06-30,-0.023913,1121319630.0
1982-07-31,-0.020526,1086734910.0
1982-08-31,0.119016,1214555150.0
1982-09-30,0.016766,1232575520.0
1982-10-31,0.118632,1375921160.0
1982-11-30,0.051941,1445686280.0
1982-12-31,0.01451,1475341880.0
1983-01-31,0.041844,1531178470.0
1983-02-28,0.030215,1568270280.0
1983-03-31,0.034678,1628409590.0
1983-04-30,0.074185,1750199750.0
1983-05-31,0.013225,1771633960.0
1983-06-30,0.037837,1853926280.0
1983-07-31,-0.03157,1800300960.0
1983-08-31,0.003465,1803466280.0
1983-09-30,0.016027,1839942410.0
1983-10-31,-0.028038,1790934090.0
1983-11-30,0.029556,1840727600.0
1983-12-31,-0.010464,1829213890.0
1984-01-31,-0.013025,1805620850.0
1984-02-29,-0.039073,1715590130.0
1984-03-31,0.01339,1733783350.0
1984-04-30,0.002538,1734004740.0
1984-05-31,-0.05232,1634825150.0
1984-06-30,0.023384,1652356750.0
1984-07-31,-0.020623,1613279630.0
1984-08-31,0.112691,1783114730.0
1984-09-30,0.000403,1777509370.0
1984-10-31,-7.3e-05,1763799870.0
1984-11-30,-0.010685,1728245430.0
1984-12-31,0.023653,1763960960.0
1985-01-31,0.085719,1906228000.0
1985-02-28,0.016898,1927703930.0
1985-03-31,-0.001747,1919566990.0
1985-04-30,-0.002187,1915189160.0
1985-05-31,0.055774,2007270500.0
1985-06-30,0.017091,2021134960.0
1985-07-31,-0.000251,2019513270.0
1985-08-31,-0.004794,2000331960.0
1985-09-30,-0.039826,1907519200.0
1985-10-31,0.044441,1988349070.0
1985-11-30,0.069228,2104092810.0
1985-12-31,0.043062,2204344770.0
1986-01-31,0.00983,2217945400.0
1986-02-28,0.072501,2367228530.0
1986-03-31,0.053887,2493928320.0
1986-04-30,-0.007903,2459130000.0
1986-05-31,0.050847,2581455600.0
1986-06-30,0.014244,2621917730.0
1986-07-31,-0.0597,2469895350.0
1986-08-31,0.066183,2626880770.0
1986-09-30,-0.07902,2416365910.0
1986-10-31,0.049305,2527595770.0
1986-11-30,0.015093,2556769340.0
1986-12-31,-0.026387,2478214090.0
1987-01-31,0.128499,2798510200.0
1987-02-28,0.047922,2924870740.0
1987-03-31,0.023665,3000776700.0
1987-04-30,-0.016996,2945152040.0
1987-05-31,0.005123,2959677500.0
1987-06-30,0.043655,3091312620.0
1987-07-31,0.044247,3223810820.0
1987-08-31,0.037147,3332010250.0
1987-09-30,-0.020773,3268452590.0
1987-10-31,-0.225361,2520639780.0
1987-11-30,-0.072272,2323847460.0
1987-12-31,0.070324,2482045390.0
1988-01-31,0.044875,2582570760.0
1988-02-29,0.051691,2701375000.0
1988-03-31,-0.016598,2642513680.0
1988-04-30,0.010993,2664436540.0
1988-05-31,0.000447,2650193120.0
1988-06-30,0.051457,2765916680.0
1988-07-31,-0.007272,2742874630.0
1988-08-31,-0.028006,2645722190.0
1988-09-30,0.037204,2732987870.0
1988-10-31,0.017645,2769377790.0
1988-11-30,-0.016411,2706988120.0
1988-12-31,0.021071,2717130600.0
1989-01-31,0.066101,2875175930.0
1989-02-28,-0.016442,2814926970.0
1989-03-31,0.021465,2867222900.0
1989-04-30,0.048207,2996655560.0
1989-05-31,0.039336,3071428640.0
1989-06-30,-0.004856,3043670760.0
1989-07-31,0.077128,3259871410.0
1989-08-31,0.022126,3319189440.0
1989-09-30,-0.001473,3305578050.0
1989-10-31,-0.029285,3204660700.0
1989-11-30,0.017816,3245994550.0
1989-12-31,0.018294,3305740000.0
1990-01-31,-0.070114,3051636650.0
1990-02-28,0.0149,3087818130.0
1990-03-31,0.024148,3165283840.0
1990-04-30,-0.028283,3070976920.0
1990-05-31,0.088935,3330491030.0
1990-06-30,-0.004193,3308344150.0
1990-07-31,-0.009392,3271642060.0
1990-08-31,-0.091903,2951948160.0
1990-09-30,-0.053844,2783225260.0
1990-10-31,-0.012499,2739330830.0
1990-11-30,0.065742,2905485660.0
1990-12-31,0.029511,2979693820.0
1991-01-31,0.049083,3115197450.0
1991-02-28,0.075848,3339106370.0
1991-03-31,0.028922,3444735650.0
1991-04-30,0.003311,3452264390.0
1991-05-31,0.040737,3587705290.0
1991-06-30,-0.044024,3448357820.0
1991-07-31,0.046779,3610102520.0
1991-08-31,0.026807,3698731620.0
1991-09-30,-0.010979,3675768000.0
1991-10-31,0.017847,3743886820.0
1991-11-30,-0.037291,3598931380.0
1991-12-31,0.106782,3998499680.0
1992-01-31,-0.001164,3988867300.0
1992-02-29,0.013355,4035709580.0
1992-03-31,-0.023699,3976774290.0
1992-04-30,0.013414,4019396190.0
1992-05-31,0.006407,4032636530.0
1992-06-30,-0.019258,3979600440.0
1992-07-31,0.0399,4134059610.0
1992-08-31,-0.020819,4038127250.0
1992-09-30,0.012461,4094397290.0
1992-10-31,0.010983,4138864660.0
1992-11-30,0.040181,4297797860.0
1992-12-31,0.01774,4398072120.0
1993-01-31,0.012616,4453093540.0
1993-02-28,0.005425,4476976470.0
1993-03-31,0.025089,4613854550.0
1993-04-30,-0.025391,4501739980.0
1993-05-31,0.029572,4632508620.0
1993-06-30,0.005434,4704253110.0
1993-07-31,-0.000806,4702389240.0
1993-08-31,0.039496,4886912910.0
1993-09-30,0.000629,4912844620.0
1993-10-31,0.018051,5003908580.0
1993-11-30,-0.017601,4920046860.0
1993-12-31,0.019554,5057719780.0
1994-01-31,0.031459,5219559100.0
1994-02-28,-0.024207,5098248280.0
1994-03-31,-0.045795,4876969200.0
1994-04-30,0.009494,4918538330.0
1994-05-31,0.009352,4964878860.0
1994-06-30,-0.02788,4839338100.0
1994-07-31,0.030657,4986536410.0
1994-08-31,0.042629,5182784540.0
1994-09-30,-0.018338,5091283690.0
1994-10-31,0.014521,5149758850.0
1994-11-30,-0.037206,4944594210.0
1994-12-31,0.01258,5003075170.0
1995-01-31,0.020353,5094192990.0
1995-02-28,0.039647,5285258360.0
1995-03-31,0.027064,5432944200.0
1995-04-30,0.025048,5561653370.0
1995-05-31,0.033909,5737031410.0
1995-06-30,0.031142,5925503750.0
1995-07-31,0.040801,6152689690.0
1995-08-31,0.0093,6211870190.0
1995-09-30,0.036354,6449190100.0
1995-10-31,-0.011339,6390582960.0
1995-11-30,0.042771,6673208890.0
1995-12-31,0.015192,6787565600.0
1996-01-31,0.028121,6968381330.0
1996-02-29,0.016353,7075712500.0
1996-03-31,0.010914,7173767370.0
1996-04-30,0.02556,7383923170.0
1996-05-31,0.02681,7606768280.0
1996-06-30,-0.00829,7572826440.0
1996-07-31,-0.053852,7154150730.0
1996-08-31,0.032445,7393987520.0
1996-09-30,0.052985,7790917040.0
1996-10-31,0.013671,7883935010.0
1996-11-30,0.065593,8399969110.0
1996-12-31,-0.01138,8308315630.0
1997-01-31,0.053473,8735349150.0
1997-02-28,-0.001067,8718734980.0
1997-03-31,-0.044889,8331998030.0
1997-04-30,0.042396,8668123870.0
1997-05-31,0.07164,9280569900.0
1997-06-30,0.044081,9672611030.0
1997-07-31,0.076513,10414082600.0
1997-08-31,-0.036323,10031915200.0
1997-09-30,0.058453,10647137300.0
1997-10-31,-0.034433,10275497100.0
1997-11-30,0.030354,10589901200.0
1997-12-31,0.017822,10797480400.0
1998-01-31,0.004511,10835974100.0
1998-02-28,0.073321,11613043100.0
1998-03-31,0.051273,12274379100.0
1998-04-30,0.010924,12408129300.0
1998-05-31,-0.025746,12113303600.0
1998-06-30,0.031839,12566424500.0
1998-07-31,-0.023377,12282690700.0
1998-08-31,-0.15786,10331283400.0
1998-09-30,0.063814,10991051600.0
1998-10-31,0.074406,11789187100.0
1998-11-30,0.062001,12533926700.0
1998-12-31,0.063058,13299690900.0
1999-01-31,0.038447,13752730000.0
1999-02-28,-0.038083,13246065100.0
1999-03-31,0.037926,13756388100.0
1999-04-30,0.049092,14477596400.0
1999-05-31,-0.020708,14223575600.0
1999-06-30,0.050824,14905813000.0
1999-07-31,-0.030834,14475119200.0
1999-08-31,-0.009918,14344211900.0
1999-09-30,-0.022669,14060520700.0
1999-10-31,0.062107,15001763900.0
1999-11-30,0.036822,15657011900.0
1999-12-31,0.083745,17021360300.0
2000-01-31,-0.039622,16340205000.0
2000-02-29,0.03176,17004680400.0
2000-03-31,0.053499,18167521500.0
2000-04-30,-0.059519,17157422400.0
2000-05-31,-0.038863,16506658600.0
2000-06-30,0.051576,17407069100.0
2000-07-31,-0.017679,17110321900.0
2000-08-31,0.074984,18440721600.0
2000-09-30,-0.051154,17569497100.0
2000-10-31,-0.02448,17122488000.0
2000-11-30,-0.102365,15331761300.0
2000-12-31,0.02045,15626925600.0
2001-01-31,0.039573,16249974500.0
2001-02-28,-0.099084,14624646800.0
2001-03-31,-0.070408,13603371700.0
2001-04-30,0.083834,14744528100.0
2001-05-31,0.010442,14877913400.0
2001-06-30,-0.017561,14638481100.0
2001-07-31,-0.018284,14377537500.0
2001-08-31,-0.05898,13530300600.0
2001-09-30,-0.091497,12279391700.0
2001-10-31,0.027847,12630626600.0
2001-11-30,0.078789,13606819100.0
2001-12-31,0.017854,13848178200.0
2002-01-31,-0.015966,13623211900.0
2002-02-28,-0.0217,13319767600.0
2002-03-31,0.044698,13941476700.0
2002-04-30,-0.0496,13268193800.0
2002-05-31,-0.01051,13220221100.0
2002-06-30,-0.070259,12329875500.0
2002-07-31,-0.081125,11336304200.0
2002-08-31,0.007949,11398403100.0
2002-09-30,-0.099923,10241738600.0
2002-10-31,0.07494,11003231400.0
2002-11-30,0.061282,11659670600.0
2002-12-31,-0.053334,11029741700.0
2003-01-31,-0.023367,10757369900.0
2003-02-28,-0.015417,10568696100.0
2003-03-31,0.010321,10672373100.0
2003-04-30,0.082768,11542163800.0
2003-05-31,0.063471,12251384900.0
2003-06-30,0.016346,12448794300.0
2003-07-31,0.023112,12723890200.0
2003-08-31,0.024965,13039377600.0
2003-09-30,-0.00912,12959560300.0
2003-10-31,0.060361,13736339700.0
2003-11-30,0.016594,13967732700.0
2003-12-31,0.045476,14581819400.0
2004-01-31,0.023042,14913081600.0
2004-02-29,0.015443,15166342000.0
2004-03-31,-0.010662,15037206200.0
2004-04-30,-0.024222,14677486500.0
2004-05-31,0.014068,14886272900.0
2004-06-30,0.021611,15187691900.0
2004-07-31,-0.037698,14611313300.0
2004-08-31,0.002703,14639197500.0
2004-09-30,0.020556,14920472000.0
2004-10-31,0.017806,15142568300.0
2004-11-30,0.048214,15892686600.0
2004-12-31,0.03517,16455382200.0
2005-01-31,-0.026546,16003221100.0
2005-02-28,0.022646,16348814000.0
2005-03-31,-0.016944,16073148100.0
2005-04-30,-0.025206,15652628600.0
2005-05-31,0.037954,16208529900.0
2005-06-30,0.011529,16379346500.0
2005-07-31,0.043358,17064941900.0
2005-08-31,-0.005958,16915944500.0
2005-09-30,0.0106,17079651100.0
2005-10-31,-0.020866,16699605400.0
2005-11-30,0.040326,17357113700.0
2005-12-31,0.003458,17375549600.0
2006-01-31,0.040072,17999559800.0
2006-02-28,-0.001639,17988632900.0
2006-03-31,0.019065,18309607100.0
2006-04-30,0.013,18447495800.0
2006-05-31,-0.031032,17856804400.0
2006-06-30,-0.000391,17830180800.0
2006-07-31,-0.001912,17766489300.0
2006-08-31,0.025042,18104286800.0
2006-09-30,0.019425,18424728400.0
2006-10-31,0.037153,19076842400.0
2006-11-30,0.023737,19461563000.0
2006-12-31,0.010857,19619322200.0
2007-01-31,0.019387,19944053500.0
2007-02-28,-0.014006,19605264100.0
2007-03-31,0.012954,19860575400.0
2007-04-30,0.039834,20591732800.0
2007-05-31,0.038953,21313415700.0
2007-06-30,-0.014747,20948255300.0
2007-07-31,-0.03179,20203332300.0
2007-08-31,0.011593,20380196000.0
2007-09-30,0.040822,21127714800.0
2007-10-31,0.02591,21531420000.0
2007-11-30,-0.049362,20313135400.0
2007-12-31,-0.004405,20221929400.0
2008-01-31,-0.062218,18903060500.0
2008-02-29,-0.021697,18381043000.0
2008-03-31,-0.010444,18186717200.0
2008-04-30,0.051199,19069937900.0
2008-05-31,0.023935,19466784200.0
2008-06-30,-0.078436,17930444800.0
2008-07-31,-0.013413,17667658700.0
2008-08-31,0.010597,17817627900.0
2008-09-30,-0.098172,16077006900.0
2008-10-31,-0.184833,13038974400.0
2008-11-30,-0.084681,11872551200.0
2008-12-31,0.022232,12141691400.0
2009-01-31,-0.077471,11173591700.0
2009-02-28,-0.100166,9985857770.0
2009-03-31,0.086803,10734182800.0
2009-04-30,0.109466,11900168200.0
2009-05-31,0.067787,12747112200.0
2009-06-30,-0.003019,12746070400.0
2009-07-31,0.081779,13798187500.0
2009-08-31,0.03151,14273510400.0
2009-09-30,0.045281,14998826000.0
2009-10-31,-0.028072,14537672900.0
2009-11-30,0.057075,15347895900.0
2009-12-31,0.028475,15825927000.0
2010-01-31,-0.037172,15216588000.0
2010-02-28,0.034744,15717328300.0
2010-03-31,0.063668,16761940300.0
2010-04-30,0.020036,17099184300.0
2010-05-31,-0.07924,15725380100.0
2010-06-30,-0.05078,14872527600.0
2010-07-31,0.07036,15884757300.0
2010-08-31,-0.042863,15161037200.0
2010-09-30,0.091628,16540780700.0
2010-10-31,0.038591,17187976900.0
2010-11-30,0.005117,17360347300.0
2010-12-31,0.067182,18516131100.0
2011-01-31,0.019183,18936990300.0
2011-02-28,0.038156,19627887100.0
2011-03-31,0.003341,19703177200.0
2011-04-30,0.028597,20223616500.0
2011-05-31,-0.014948,19876868000.0
2011-06-30,-0.018447,19459901400.0
2011-07-31,-0.022534,19002295500.0
2011-08-31,-0.057564,17839871200.0
2011-09-30,-0.084983,16265793700.0
2011-10-31,0.114146,18075176700.0
2011-11-30,-0.00627,17875052100.0
2011-12-31,0.003676,17904716200.0
2012-01-31,0.054106,18873658900.0
2012-02-29,0.041225,19602648200.0
2012-03-31,0.02402,20077674300.0
2012-04-30,-0.006829,19935941600.0
2012-05-31,-0.06559,18585457900.0
2012-06-30,0.038151,19262766500.0
2012-07-31,0.010307,19436230800.0
2012-08-31,0.026317,19872602500.0
2012-09-30,0.026513,20430417500.0
2012-10-31,-0.014055,20117192100.0
2012-11-30,0.006217,20175039900.0
2012-12-31,0.012569,20386768400.0
2013-01-31,0.054142,21513636700.0
2013-02-28,0.008282,21613964900.0
2013-03-31,0.035295,22397711900.0
2013-04-30,0.014939,22722249100.0
2013-05-31,0.019128,23148554100.0
2013-06-30,-0.015072,22739738300.0
2013-07-31,0.052658,23914952000.0
2013-08-31,-0.02575,23255257600.0
2013-09-30,0.037497,24127569600.0
2013-10-31,0.039889,25055863500.0
2013-11-30,0.024956,25661520700.0
2013-12-31,0.02614,26328806400.0
2014-01-31,-0.03002,25528420200.0
2014-02-28,0.046198,26694950800.0
2014-03-31,0.00454,26838814300.0
2014-04-30,0.001573,26921957000.0
2014-05-31,0.020254,27406278400.0
2014-06-30,0.027973,28165010700.0
2014-07-31,-0.020555,27586823300.0
2014-08-31,0.040205,28633346700.0
2014-09-30,-0.025196,27893175900.0
2014-10-31,0.021164,28485779200.0
2014-11-30,0.021104,29082336800.0
2014-12-31,-0.003659,29009736000.0
2015-01-31,-0.027163,28110203600.0
2015-02-28,0.055915,29599694700.0
2015-03-31,-0.010397,29231349700.0
2015-04-30,0.008766,29466902400.0
2015-05-31,0.010277,29658765800.0
2015-06-30,-0.019231,29053861000.0
2015-07-31,0.012108,29397941500.0
2015-08-31,-0.059926,27519743700.0
2015-09-30,-0.033756,26517581700.0
2015-10-31,0.073937,28410069600.0
2015-11-30,0.002404,28386930100.0
2015-12-31,-0.022209,27693609400.0
2016-01-31,-0.057085,26038944200.0
2016-02-29,0.00062,25836208600.0
2016-03-31,0.070491,27564246000.0
2016-04-30,0.011718,27847743500.0
2016-05-31,0.01434,28094901200.0
2016-06-30,0.002947,28132418700.0
2016-07-31,0.038815,29204697400.0
2016-08-31,0.0028,29220407000.0
2016-09-30,0.003013,29207005700.0
2016-10-31,-0.021544,28568245700.0
2016-11-30,0.040488,29672930700.0
2016-12-31,0.018763,30181681700.0
2017-01-31,0.022153,30883220600.0
2017-02-28,0.032598,31835312700.0
2017-03-31,0.002062,31868616600.0
2017-04-30,0.009655,32175901300.0
2017-05-31,0.009335,32455379200.0
2017-06-30,0.009571,32721951700.0
2017-07-31,0.020277,33260694300.0
2017-08-31,0.0016,33161382100.0
2017-09-30,0.023729,33872736600.0
2017-10-31,0.019275,34503792300.0
2017-11-30,0.027232,35363870900.0
2017-12-31,0.012122,35762263300.0
2018-01-31,0.050577,37633761400.0
2018-02-28,-0.039455,36048758800.0
2018-03-31,-0.018421,35275829200.0
2018-04-30,0.004679,35404765000.0
2018-05-31,0.026146,36297913200.0
2018-06-30,0.005359,36323454600.0
2018-07-31,0.031573,37418001100.0
2018-08-31,0.030233,38384784200.0
2018-09-30,0.000425,38308562100.0
2018-10-31,-0.074045,35448633000.0
2018-11-30,0.018512,35936127600.0
2018-12-31,-0.08989,32574916300.0
2019-01-31,0.088294,35370181000.0
2019-02-28,0.032724,36362507000.0
2019-03-31,0.012962,36757421800.0
2019-04-30,0.037893,38105983000.0
2019-05-31,-0.061679,35726100000.0
2019-06-30,0.067279,38172873400.0
2019-07-31,0.011854,38562533000.0
2019-08-31,-0.020339,37654748600.0
2019-09-30,0.016033,38170395100.0
2019-10-31,0.019257,38823462600.0
2019-11-30,0.034999,40071128100.0
2019-12-31,0.028489,41157248900.0
2020-01-31,-0.001728,41059766800.0
2020-02-29,-0.077918,37777535300.0
2020-03-31,-0.141733,32333521600.0
2020-04-30,0.129674,36503289300.0
2020-05-31,0.053739,38384814300.0
2020-06-30,0.025299,39436685700.0
2020-07-31,0.055532,41718913900.0
2020-08-31,0.068442,44609398900.0
2020-09-30,-0.035056,43121774400.0
2020-10-31,-0.020178,42298178300.0
2020-11-30,0.123707,47542006400.0
2020-12-31,0.045048,49839562000.0
2021-01-31,-0.000631,49930875500.0
2021-02-28,0.029196,51546805100.0
2021-03-31,0.030573,53473752300.0
2021-04-30,0.04819,56258381800.0
2021-05-31,0.007092,56748766000.0
2021-06-30,0.023422,58260341100.0
2021-07-31,0.011828,59040495900.0
2021-08-31,0.027146,60680121800.0
2021-09-30,-0.042243,58233532200.0
2021-10-31,0.064651,62099642100.0
2021-11-30,-0.018351,61045506600.0
2021-12-31,0.033341,63178035300.0
2022-01-31,-0.059823,59374130900.0
2022-02-28,-0.021838,58049543000.0
2022-03-31,0.030506,59709765700.0
2022-04-30,-0.089387,54286656700.0
2022-05-31,-0.002113,54106918900.0
2022-06-30,-0.083998,49439618100.0
2022-07-31,0.090351,53809527800.0
2022-08-31,-0.036233,51746391000.0
2022-09-30,-0.091323,46930636700.0
2022-10-31,0.077394,50415353200.0
2022-11-30,0.052354,52928742700.0
2022-12-31,-0.05712,49720242900.0
2023-01-31,0.071823,53261862300.0
2023-02-28,-0.024666,51817175600.0
2023-03-31,0.02395,52855238600.0
2023-04-30,0.008976,53261957900.0
2023-05-31,0.000708,53241372400.0
2023-06-30,0.066183,56684493200.0
2023-07-31,0.035618,58692137000.0
2023-08-31,-0.020608,57388268500.0
2023-09-30,-0.047391,54635591700.0
2023-10-31,-0.028865,52875382400.0
2023-11-30,0.092053,57681424500.0
2023-12-31,0.053604,60696692000.0
2024-01-31,0.007561,61207607400.0
2024-02-29,0.050584,64215405000.0
2024-03-31,0.03245,66253678600.0
2024-04-30,-0.042724,63376371300.0
2024-05-31,0.046553,66302161800.0
2024-06-30,0.026073,68010910700.0
2024-07-31,0.019878,69437514300.0
2024-08-31,0.021572,70854066700.0
2024-09-30,0.020969,72318924000.0
2024-10-31,-0.008298,71771754400.0
2024-11-30,0.064855,76451547300.0
2024-12-31,-0.031582,74032373700.0
