date,Value_Weighted_Return,Total_Market_Cap,Year,Month
1926-01-31,0.003259326652563756,26802504.125,1926,1
1926-02-28,-0.029776849181679575,26052031.4375,1926,2
1926-03-31,-0.05917072141294716,24204769.1875,1926,3
1926-04-30,0.039061862932286466,25220275.0625,1926,4
1926-05-31,0.01360429690040532,25332723.5,1926,5
1926-06-30,0.05812184580015454,26917027.125,1926,6
1926-07-31,0.03654168315341391,27355973.5,1926,7
1926-08-31,0.03213281005359804,28389798.75,1926,8
1926-09-30,0.00923114963885838,28289759.0625,1926,9
1926-10-31,-0.026494090095452245,27387450.625,1926,10
1926-11-30,0.031019493799569847,28266002.625,1926,11
1926-12-31,0.03268272578246071,29039443.3125,1926,12
1927-01-31,0.0044396984626338615,29699573.5625,1927,1
1927-02-28,0.04761459904782625,31072913.4375,1927,2
1927-03-31,0.009410141466699377,31093317.0625,1927,3
1927-04-30,0.010497300086692527,31405604.5625,1927,4
1927-05-31,0.06137370119365915,33287355.4375,1927,5
1927-06-30,-0.018181831110448944,32635717.5625,1927,6
1927-07-31,0.07951276053685429,34995077.375,1927,7
1927-08-31,0.026751893071725593,35730921.8125,1927,8
1927-09-30,0.05375500536336673,37579532.1875,1927,9
1927-10-31,-0.03696956136347473,37190636.0625,1927,10
1927-11-30,0.07173553278355323,39490909.8125,1927,11
1927-12-31,0.028425860988931205,40656107.8125,1927,12
1928-01-31,-0.0006509051821684477,39961362.625,1928,1
1928-02-29,-0.011343171984091054,39308010.75,1928,2
1928-03-31,0.1025516431611705,42890366.0,1928,3
1928-04-30,0.05214598153169086,44696945.125,1928,4
1928-05-31,0.023776912930843677,45466767.9375,1928,5
1928-06-30,-0.04325644713661872,43449231.3125,1928,6
1928-07-31,0.011046711059646795,44109259.0,1928,7
1928-08-31,0.0738753251325117,47250207.0625,1928,8
1928-09-30,0.035872967294225865,48746745.9375,1928,9
1928-10-31,0.021993152234702888,49790501.8125,1928,10
1928-11-30,0.134314141465289,55941282.0,1928,11
1928-12-31,0.009277949701859323,57912698.625,1928,12
1929-01-31,0.060042163597356694,61425797.25,1929,1
1929-02-28,0.00499384451317551,60771950.25,1929,2
1929-03-31,0.0015289348033898293,60948629.875,1929,3
1929-04-30,0.02206352682967615,62835710.0,1929,4
1929-05-31,-0.04992830290894245,59971717.625,1929,5
1929-06-30,0.1098648427463988,66595915.25,1929,6
1929-07-31,0.052584383011332954,69523543.8125,1929,7
1929-08-31,0.09541083669670866,75676771.1875,1929,8
1929-09-30,-0.041650441176331675,73948480.25,1929,9
1929-10-31,-0.17791298042800074,59595719.375,1929,10
1929-11-30,-0.11516036631015603,52676655.0,1929,11
1929-12-31,0.029322388360814862,54941088.4375,1929,12
1930-01-31,0.06234147089219248,58822035.375,1930,1
1930-02-28,0.033777176411682035,60354057.5625,1930,2
1930-03-31,0.08282187470374715,64908551.75,1930,3
1930-04-30,-0.008582804179626114,63584446.375,1930,4
1930-05-31,-0.011199517066012559,63571242.625,1930,5
1930-06-30,-0.15329475842375115,52891486.375,1930,6
1930-07-31,0.046263602818217904,55808095.9375,1930,7
1930-08-31,0.007516812251770272,56893886.3125,1930,8
1930-09-30,-0.1192845578481927,49119530.125,1930,9
1930-10-31,-0.08169670660244865,45161510.8125,1930,10
1930-11-30,-0.02448981300968655,43944824.125,1930,11
1930-12-31,-0.07016803719575679,40656055.4375,1930,12
1931-01-31,0.06989354132357811,43160616.1875,1931,1
1931-02-28,0.11785110857196271,47779922.25,1931,2
1931-03-31,-0.05533626397462668,44419763.3125,1931,3
1931-04-30,-0.09113928649234573,39851669.625,1931,4
1931-05-31,-0.12416080357441438,34642702.5,1931,5
1931-06-30,0.14804502549805307,39229071.125,1931,6
1931-07-31,-0.06007364983008245,36559788.5,1931,7
1931-08-31,0.009296304447984821,36397957.5,1931,8
1931-09-30,-0.2785914239259565,25267461.125,1931,9
1931-10-31,0.09201749198361094,27232289.125,1931,10
1931-11-30,-0.07896307047702467,24655875.5625,1931,11
1931-12-31,-0.12154259881450227,21168714.0,1931,12
1932-01-31,0.00029967715733781973,20924459.625,1932,1
1932-02-29,0.06641775565221475,21927657.3125,1932,2
1932-03-31,-0.09714878351288,19420975.375,1932,3
1932-04-30,-0.1639466813173969,15844002.625,1932,4
1932-05-31,-0.18058851876260373,12456991.4375,1932,5
1932-06-30,0.014027816771655004,12141675.9375,1932,6
1932-07-31,0.385101349087031,16217678.0,1932,7
1932-08-31,0.4212664498490159,22171206.25,1932,8
1932-09-30,-0.01854912213840712,21381713.0625,1932,9
1932-10-31,-0.12130887615209004,18516205.1875,1932,10
1932-11-30,-0.047147978832320594,17308705.3125,1932,11
1932-12-31,0.05241091474651777,17915461.75,1932,12
1933-01-31,0.022711976070153267,18158797.875,1933,1
1933-02-28,-0.14353337326068935,15290756.0,1933,2
1933-03-31,0.048863498818849806,15497870.25,1933,3
1933-04-30,0.43663882071267196,21646083.3125,1933,4
1933-05-31,0.24651829532537442,26226075.0625,1933,5
1933-06-30,0.1458009002028498,29500679.5625,1933,6
1933-07-31,-0.08681407486243406,26755429.3125,1933,7
1933-08-31,0.13181110594731163,29876176.3125,1933,8
1933-09-30,-0.09511840295990327,26485705.0,1933,9
1933-10-31,-0.07631787881196649,24337124.9375,1933,10
1933-11-30,0.10913239006790673,26718475.1875,1933,11
1933-12-31,0.02504884764581516,27101031.5,1933,12
1934-01-31,0.14199666907544048,30461417.9375,1934,1
1934-02-28,-0.02011747537662072,29634053.1875,1934,2
1934-03-31,0.0037971776031378713,29518294.625,1934,3
1934-04-30,-0.013165089274468805,28991705.6875,1934,4
1934-05-31,-0.06836107569527752,26839795.25,1934,5
1934-06-30,0.02916976217394577,27395540.8125,1934,6
1934-07-31,-0.09977802513692614,24304152.5625,1934,7
1934-08-31,0.06015192331867038,25611870.875,1934,8
1934-09-30,0.00034370656698032206,25724996.1875,1934,9
1934-10-31,-0.01195107383121889,25426475.625,1934,10
1934-11-30,0.0898128657583594,27471503.875,1934,11
1934-12-31,0.007357352190926406,27430006.25,1934,12
1935-01-31,-0.031342509632518764,26411783.5,1935,1
1935-02-28,-0.014399089663628026,25659043.5625,1935,2
1935-03-31,-0.03151070062980372,24433922.125,1935,3
1935-04-30,0.09532877860913247,26914430.25,1935,4
1935-05-31,0.03929787239981593,27752425.1875,1935,5
1935-06-30,0.06330663671709445,29300407.375,1935,6
1935-07-31,0.08334894606514069,31222143.875,1935,7
1935-08-31,0.03269976606324492,32196014.03498,1935,8
1935-09-30,0.03133777180643985,32906786.4375,1935,9
1935-10-31,0.07803414283534885,35174294.0625,1935,10
1935-11-30,0.05591612819741082,36703051.625,1935,11
1935-12-31,0.052008951180151836,38327213.625,1935,12
1936-01-31,0.07635071012568923,41025931.3125,1936,1
1936-02-29,0.03100251560607083,42017338.625,1936,2
1936-03-31,0.01650281242601775,41937480.3125,1936,3
1936-04-30,-0.07730182864959009,39117303.5625,1936,4
1936-05-31,0.05562063159009686,41063383.125,1936,5
1936-06-30,0.02691492082364981,41986083.8125,1936,6
1936-07-31,0.07245331949505597,44791855.875,1936,7
1936-08-31,0.012697711022011806,45046897.0625,1936,8
1936-09-30,0.013314651739185624,45404411.5,1936,9
1936-10-31,0.07897014478921896,48567264.625,1936,10
1936-11-30,0.03801452069269762,49854589.125,1936,11
1936-12-31,0.00853729926309785,50053956.4375,1936,12
1937-01-31,0.038364102846124376,51719289.6875,1937,1
1937-02-28,0.016020198258068993,52225791.125,1937,2
1937-03-31,0.0040733769278207795,52226112.9375,1937,3
1937-04-30,-0.06972737540444071,48452673.375,1937,4
1937-05-31,-0.005332724596333181,47909897.6875,1937,5
1937-06-30,-0.03878946338223354,45717676.125,1937,6
1937-07-31,0.09309063158191284,49838710.125,1937,7
1937-08-31,-0.04506854647444224,47271082.375,1937,8
1937-09-30,-0.12867352072507207,40786542.4375,1937,9
1937-10-31,-0.09111434088673406,36835759.125,1937,10
1937-11-30,-0.07713421973556771,33429564.6875,1937,11
1937-12-31,-0.03445543408757421,31661577.9375,1937,12
1938-01-31,0.009442105301774093,31855665.8125,1938,1
1938-02-28,0.06250873299949974,33780828.5625,1938,2
1938-03-31,-0.22931692898806574,25575289.125,1938,3
1938-04-30,0.1492154480036019,29245348.4375,1938,4
1938-05-31,-0.033411726068329525,28079212.1875,1938,5
1938-06-30,0.2528951419332416,34558133.25,1938,6
1938-07-31,0.07890810823333887,37058056.5,1938,7
1938-08-31,-0.02292924772209129,35946451.1875,1938,8
1938-09-30,0.00962145218705303,36104450.0625,1938,9
1938-10-31,0.08603901878866844,38868737.0,1938,10
1938-11-30,-0.014144470783437729,37975527.875,1938,11
1938-12-31,0.04563100187563377,39236537.625,1938,12
1939-01-31,-0.05611306307842551,36786574.3125,1939,1
1939-02-28,0.03700950123860273,38039663.5625,1939,2
1939-03-31,-0.11116250904203208,33330975.5,1939,3
1939-04-30,0.0006683215519484929,33207922.3125,1939,4
1939-05-31,0.07020683061322117,35382961.875,1939,5
1939-06-30,-0.04923649998540501,33325403.9375,1939,6
1939-07-31,0.10743945786002412,36662025.3125,1939,7
1939-08-31,-0.06438506151610955,34000514.5,1939,8
1939-09-30,0.20592046787987273,39594958.0625,1939,9
1939-10-31,-0.0017068523069519023,39359655.125,1939,10
1939-11-30,-0.032832821299375495,37600212.75,1939,11
1939-12-31,0.032136762803898045,38497540.0625,1939,12
1940-01-31,-0.021444743755366036,37559349.6875,1940,1
1940-02-29,0.0158731285201741,38047270.375,1940,2
1940-03-31,0.022170948193616088,38682478.125,1940,3
1940-04-30,0.005015773826271952,38716868.28125,1940,4
1940-05-31,-0.21408181576317675,30003400.96875,1940,5
1940-06-30,0.07175644549260923,31856833.84375,1940,6
1940-07-31,0.03381620909300862,32817576.53125,1940,7
1940-08-31,0.02370022942515854,33327290.90625,1940,8
1940-09-30,0.026030302345887525,33983353.4375,1940,9
1940-10-31,0.03475191793323464,34956134.34375,1940,10
1940-11-30,-0.01250288675702125,34052777.3125,1940,11
1940-12-31,0.009091797687440015,34180065.73728,1940,12
1941-01-31,-0.038957936445781625,32704325.2231,1941,1
1941-02-28,-0.013023732759757876,32067555.02594,1941,2
1941-03-31,0.010403902586186111,32170597.78125,1941,3
1941-04-30,-0.0520587213784316,30354546.804729998,1941,4
1941-05-31,0.016565851337683075,30554591.53047,1941,5
1941-06-30,0.06024879438493716,32128863.43177,1941,6
1941-07-31,0.06294214555692197,33940705.17478,1941,7
1941-08-31,-0.0001814135470075194,33700711.2093,1941,8
1941-09-30,-0.006736520719966288,33291562.21875,1941,9
1941-10-31,-0.04929723894799904,31511533.19122,1941,10
1941-11-30,-0.01640113249053598,30498279.138,1941,11
1941-12-31,-0.03998018508496221,28824837.71875,1941,12
1942-01-31,0.01610564489234901,29023581.02388,1942,1
1942-02-28,-0.0221138676444604,28137020.16817,1942,2
1942-03-31,-0.062393845317972055,26089471.39521,1942,3
1942-04-30,-0.04119332425120554,24916297.84779,1942,4
1942-05-31,0.06399337759618047,26229982.25422,1942,5
1942-06-30,0.02922825152700478,26743015.04003,1942,6
1942-07-31,0.03700671760743085,27607488.41131,1942,7
1942-08-31,0.019749243884131767,27944388.18527,1942,8
1942-09-30,0.0279947797821415,28524446.43065,1942,9
1942-10-31,0.07190709147193136,30410358.49274,1942,10
1942-11-30,0.006071737074416684,30156632.84375,1942,11
1942-12-31,0.05437244755532759,31457964.75,1942,12
1943-01-31,0.07571068733585855,33664180.5,1943,1
1943-02-28,0.06584353155669315,35582432.5625,1943,2
1943-03-31,0.06474893312463674,37567752.9375,1943,3
1943-04-30,0.011669332931753927,37811768.0665,1943,4
1943-05-31,0.06104291871738096,39797202.8125,1943,5
1943-06-30,0.021081370385009148,40336962.0625,1943,6
1943-07-31,-0.044446954278248414,38375697.875,1943,7
1943-08-31,0.014524219828666867,39181454.0625,1943,8
1943-09-30,0.025432460952064896,39969529.16025,1943,9
1943-10-31,-0.009586707329217334,39488163.129,1943,10
1943-11-30,-0.05634604522624438,36943371.36265,1943,11
1943-12-31,0.0662177720834136,38898787.28125,1943,12
1944-01-31,0.019588827119862075,39735674.0625,1944,1
1944-02-29,0.00539589334319617,39753033.3939,1944,2
1944-03-31,0.026473108459122825,40549370.21875,1944,3
1944-04-30,-0.01578659002328147,39835439.0,1944,4
1944-05-31,0.05235289939341136,41597839.48728,1944,5
1944-06-30,0.05914561908511853,43717354.90625,1944,6
1944-07-31,-0.013132357020189354,43041447.1875,1944,7
1944-08-31,0.017402629317541864,43519838.9375,1944,8
1944-09-30,0.0013948003997781401,43405172.875,1944,9
1944-10-31,0.002995035702364172,43466669.8125,1944,10
1944-11-30,0.01863075345299322,43834525.78125,1944,11
1944-12-31,0.04351294226345587,45824349.25,1944,12
1945-01-31,0.02311543547451854,46836076.8125,1945,1
1945-02-28,0.06474655368607544,49609974.6875,1945,2
1945-03-31,-0.03714266963360752,47479249.5,1945,3
1945-04-30,0.08054474910581422,51127133.875,1945,4
1945-05-31,0.01979460886787899,51877068.125,1945,5
1945-06-30,0.007859423848901998,52057335.8125,1945,6
1945-07-31,-0.019543704490798345,50933201.625,1945,7
1945-08-31,0.06564497265009714,53904058.0,1945,8
1945-09-30,0.05053370913207507,56318295.9375,1945,9
1945-10-31,0.04361257787740758,58489794.0625,1945,10
1945-11-30,0.05925456853059812,61336292.0625,1945,11
1945-12-31,0.015501211786644611,62378285.125,1945,12
1946-01-31,0.06836701607972381,66870193.9375,1946,1
1946-02-28,-0.055899371081938695,63072488.0,1946,2
1946-03-31,0.06356949790093941,66690606.875,1946,3
1946-04-30,0.0463990255668909,69547244.5,1946,4
1946-05-31,0.04311078193954403,72203410.25,1946,5
1946-06-30,-0.03679013226658819,69537376.1875,1946,6
1946-07-31,-0.024892542368478116,67767893.9375,1946,7
1946-08-31,-0.06252564149779608,63349416.6875,1946,8
1946-09-30,-0.09770267304365503,56809467.5625,1946,9
1946-10-31,-0.011708778751989588,55992486.5625,1946,10
1946-11-30,0.0029910126990561835,55572427.1875,1946,11
1946-12-31,0.05308388018418943,58336749.0625,1946,12
1947-01-31,0.01643751538904211,59165301.25,1947,1
1947-02-28,-0.008702603190878786,58128406.75,1947,2
1947-03-31,-0.014833118284437459,57137705.6875,1947,3
1947-04-30,-0.04524612680383563,54485143.0625,1947,4
1947-05-31,-0.007291041089305877,53621380.6875,1947,5
1947-06-30,0.056005300814178184,56250294.125,1947,6
1947-07-31,0.04419753161017991,58569949.0,1947,7
1947-08-31,-0.015621752397186335,57428133.75,1947,8
1947-09-30,-0.0028462651061204134,57195725.4375,1947,9
1947-10-31,0.02761456679035204,58497181.0,1947,10
1947-11-30,-0.01703997105725789,56823084.3125,1947,11
1947-12-31,0.0343820788254304,58715347.8125,1947,12
1948-01-31,-0.036260775518488546,56539607.5625,1948,1
1948-02-29,-0.0415395945914853,53777860.6875,1948,2
1948-03-31,0.08495840279924233,57898327.9375,1948,3
1948-04-30,0.04097030340517116,59964733.5625,1948,4
1948-05-31,0.07704314005558517,64181928.125,1948,5
1948-06-30,0.0024054325683179442,63894109.5625,1948,6
1948-07-31,-0.04771545383992979,60619805.3125,1948,7
1948-08-31,0.004759783427386663,60466991.8125,1948,8
1948-09-30,-0.027799233868295192,58382885.125,1948,9
1948-10-31,0.061996334481913495,61786084.25,1948,10
1948-11-30,-0.08927431860319446,55451052.8125,1948,11
1948-12-31,0.03518039938216965,57108092.0,1948,12
1949-01-31,0.005715215786444714,57185290.375,1949,1
1949-02-28,-0.02650824821825159,55274823.0625,1949,2
1949-03-31,0.04313385108183494,57371113.0,1949,3
1949-04-30,-0.0156753779444107,56285605.0,1949,4
1949-05-31,-0.0264651595633505,54333177.6875,1949,5
1949-06-30,0.003523967550682813,54144299.9375,1949,6
1949-07-31,0.05790908280684498,57029029.4375,1949,7
1949-08-31,0.02849206594162455,58335967.0625,1949,8
1949-09-30,0.03333381256686537,60049766.0,1949,9
1949-10-31,0.034062461367363094,62107604.4375,1949,10
1949-11-30,0.021265869724924804,62481819.625,1949,11
1949-12-31,0.05437686762662087,65976752.0625,1949,12
1950-01-31,0.019929969759148486,66984169.125,1950,1
1950-02-28,0.01738968700215993,67817493.75,1950,2
1950-03-31,0.016092367431523567,68579655.6875,1950,3
1950-04-30,0.04393559600712692,71446432.5625,1950,4
1950-05-31,0.04637570650022515,74139228.9375,1950,5
1950-06-30,-0.056596401272565544,69438338.375,1950,6
1950-07-31,0.022501380351166802,70448928.75,1950,7
1950-08-31,0.051626825801383315,73301522.8125,1950,8
1950-09-30,0.05136347125961261,76662302.8125,1950,9
1950-10-31,0.0012564682941289007,76713828.25,1950,10
1950-11-30,0.03192033214675982,77632850.3125,1950,11
1950-12-31,0.060372525763252916,82707253.8125,1950,12
1951-01-31,0.061291994085021194,87318328.5,1951,1
1951-02-28,0.016996468936411487,88364660.0,1951,2
1951-03-31,-0.018905102360931184,86351288.625,1951,3
1951-04-30,0.053002756382515906,90937515.8125,1951,4
1951-05-31,-0.020402058077772706,88336992.125,1951,5
1951-06-30,-0.02257790887872867,85915169.8125,1951,6
1951-07-31,0.0740823879632629,92293274.75,1951,7
1951-08-31,0.04605272033959656,95570537.25,1951,8
1951-09-30,0.01028645634411797,96000384.6875,1951,9
1951-10-31,-0.02114465044650318,93575391.875,1951,10
1951-11-30,0.008122078128452996,93261406.0,1951,11
1951-12-31,0.036298723654811765,98102698.0625,1951,12
1952-01-31,0.01859687683962562,99548209.95401,1952,1
1952-02-29,-0.023316028751857593,96459939.28125,1952,2
1952-03-31,0.04737325238220943,100606433.125,1952,3
1952-04-30,-0.046593157379835645,95746984.125,1952,4
1952-05-31,0.03440526424496607,98293297.5,1952,5
1952-06-30,0.04121935380324619,101885341.5,1952,6
1952-07-31,0.011949981145848956,102889789.125,1952,7
1952-08-31,-0.005171799570383331,101537668.9375,1952,8
1952-09-30,-0.01737520070846128,99318395.375,1952,9
1952-10-31,-0.003953069803824022,98700530.375,1952,10
1952-11-30,0.06235843693322856,103778592.125,1952,11
1952-12-31,0.03208004035286299,108472029.3125,1952,12
1953-01-31,-0.00024240562461156563,108227593.25,1953,1
1953-02-28,-0.00036156338278121137,107289990.8125,1953,2
1953-03-31,-0.010152298042772503,105541716.75,1953,3
1953-04-30,-0.02547116180395737,102677248.375,1953,4
1953-05-31,0.007972113099312554,102747532.125,1953,5
1953-06-30,-0.016154814899341098,100868965.625,1953,6
1953-07-31,0.02630363816760231,103312428.0,1953,7
1953-08-31,-0.04159039014736942,98050564.1875,1953,8
1953-09-30,0.004919716150227506,98031600.0625,1953,9
1953-10-31,0.04881106647073861,102410635.1875,1953,10
1953-11-30,0.030615988887609916,104328124.1875,1953,11
1953-12-31,0.0027268813852216064,106091582.625,1953,12
1954-01-31,0.05449151456439696,111557944.5,1954,1
1954-02-28,0.018647935922927416,112701868.5625,1954,2
1954-03-31,0.039505399032979845,116449926.375,1954,3
1954-04-30,0.04653728515682183,121405652.125,1954,4
1954-05-31,0.033491043603400876,124515886.75,1954,5
1954-06-30,0.015090627469613113,125574856.5,1954,6
1954-07-31,0.05352273761768019,131756404.5,1954,7
1954-08-31,-0.0209833346229522,127715608.8125,1954,8
1954-09-30,0.06751747543546711,135721843.125,1954,9
1954-10-31,-0.01429560035974268,133333672.1875,1954,10
1954-11-30,0.0977797088899615,144628012.375,1954,11
1954-12-31,0.05884273240531421,155818947.5625,1954,12
1955-01-31,0.009128418602561302,157088856.0625,1955,1
1955-02-28,0.033242270699526184,161608137.1875,1955,2
1955-03-31,0.0022122333497795947,161030369.9375,1955,3
1955-04-30,0.034817608585073066,166060853.75,1955,4
1955-05-31,0.012896243787555382,166793179.5625,1955,5
1955-06-30,0.07172610416643976,177536295.9375,1955,6
1955-07-31,0.02529501575618349,180998708.8125,1955,7
1955-08-31,0.005678575476632531,180827837.1875,1955,8
1955-09-30,0.0012873271158404757,179986165.125,1955,9
1955-10-31,-0.023423994197577007,175075417.0,1955,10
1955-11-30,0.0745377091214002,186470002.5,1955,11
1955-12-31,0.01895689362625705,193087153.875,1955,12
1956-01-31,-0.026124751933904154,187522090.75,1956,1
1956-02-29,0.041241072304557425,194037889.0,1956,2
1956-03-31,0.07210950247997504,206699107.125,1956,3
1956-04-30,0.008120053930749448,208334341.3125,1956,4
1956-05-31,-0.048001450362587225,196849449.8125,1956,5
1956-06-30,0.038712674109337465,203435958.0,1956,6
1956-07-31,0.0524494872624689,213533541.375,1956,7
1956-08-31,-0.02798028915425567,205838918.875,1956,8
1956-09-30,-0.04807880862336973,195786995.4375,1956,9
1956-10-31,0.009005207436708703,196854547.25,1956,10
1956-11-30,0.008812856130238647,196529821.375,1956,11
1956-12-31,0.03634848911606645,206653843.25,1956,12
1957-01-31,-0.02994877986048247,199786768.4375,1957,1
1957-02-28,-0.016842189570660863,195210777.3125,1957,2
1957-03-31,0.024843493026989922,199694014.5625,1957,3
1957-04-30,0.04770955121664249,208781261.6875,1957,4
1957-05-31,0.039609379266880705,215706555.625,1957,5
1957-06-30,-0.0027618840699677964,214512086.75,1957,6
1957-07-31,0.011097513858180186,216322085.5,1957,7
1957-08-31,-0.04695000174613514,205266041.8125,1957,8
1957-09-30,-0.055182186297107194,193059965.9375,1957,9
1957-10-31,-0.03793487110801551,184819390.875,1957,10
1957-11-30,0.028993966961009927,188931358.75,1957,11
1957-12-31,-0.032916624642710515,184386715.0,1957,12
1958-01-31,0.05247916970202225,192798357.6875,1958,1
1958-02-28,-0.012115802977734541,188857371.75,1958,2
1958-03-31,0.03581709691593331,194584238.9375,1958,3
1958-04-30,0.033512796740502955,201139896.75,1958,4
1958-05-31,0.02590856802917984,204989851.4375,1958,5
1958-06-30,0.03083423991847138,210184330.1875,1958,6
1958-07-31,0.04775898983419566,219090927.25,1958,7
1958-08-31,0.02090382811450082,222117773.5,1958,8
1958-09-30,0.0508781172058907,232137057.875,1958,9
1958-10-31,0.029769710372584184,238082889.375,1958,10
1958-11-30,0.03351707235774783,244479833.25,1958,11
1958-12-31,0.057489578362701355,262200671.75,1958,12
1959-01-31,0.011838143673657141,265599503.625,1959,1
1959-02-28,0.015440796761912751,268160265.8125,1959,2
1959-03-31,0.007432650390591638,268497747.1875,1959,3
1959-04-30,0.04246666385340561,278824506.0,1959,4
1959-05-31,0.02349440257412631,283463479.5625,1959,5
1959-06-30,0.0029269817039121867,283127190.375,1959,6
1959-07-31,0.036777050879885,292446687.1875,1959,7
1959-08-31,-0.00983092984157279,288033081.75,1959,8
1959-09-30,-0.04354424553054132,274457985.5,1959,9
1959-10-31,0.019044883201581545,278543175.1875,1959,10
1959-11-30,0.021874618621172813,282403117.6875,1959,11
1959-12-31,0.030072916015990006,294289555.875,1959,12
1960-01-31,-0.0633515575116715,274480144.0,1960,1
1960-02-29,0.0181019836614217,277464632.625,1960,2
1960-03-31,-0.010633320230953293,273619318.0625,1960,3
1960-04-30,-0.012174471373803779,269382301.0625,1960,4
1960-05-31,0.03881561679602965,277388292.625,1960,5
1960-06-30,0.026329214336632056,283470896.5,1960,6
1960-07-31,-0.019999568683461852,276976690.6875,1960,7
1960-08-31,0.03392516427652555,284529840.1875,1960,8
1960-09-30,-0.05610665471268332,268059452.3125,1960,9
1960-10-31,-0.002429448343939246,266605819.4375,1960,10
1960-11-30,0.051103721779164925,277861670.9375,1960,11
1960-12-31,0.05168856979451764,294757833.3125,1960,12
1961-01-31,0.06732624585450878,313437677.5625,1961,1
1961-02-28,0.04053020743799876,323917874.6875,1961,2
1961-03-31,0.03419227726878585,334250864.375,1961,3
1961-04-30,0.008047270720433247,336015148.4375,1961,4
1961-05-31,0.029144217997681073,343729618.5,1961,5
1961-06-30,-0.026248751031084247,332857346.375,1961,6
1961-07-31,0.03223388256167948,343590614.8125,1961,7
1961-08-31,0.030317155376653686,352118395.9375,1961,8
1961-09-30,-0.016444794897175704,344873061.5,1961,9
1961-10-31,0.03132380357318454,353962949.375,1961,10
1961-11-30,0.04900825562116082,369306518.4375,1961,11
1961-12-31,0.0027239942641004294,371701831.375,1961,12
1962-01-31,-0.03297983161449048,358009093.1875,1962,1
1962-02-28,0.022033819011200533,364402442.0,1962,2
1962-03-31,-0.0030044764555094807,363232915.0625,1962,3
1962-04-30,-0.0610556189600587,340060116.5625,1962,4
1962-05-31,-0.08132474987980047,309698220.6875,1962,5
1962-06-30,-0.08027221104009372,282649299.375,1962,6
1962-07-31,0.06887069889753175,303739504.875,1962,7
1962-08-31,0.026043422699647042,329323140.4375,1962,8
1962-09-30,-0.047758511129528024,312519709.53125,1962,9
1962-10-31,0.004649263670281412,312461202.65625,1962,10
1962-11-30,0.11399985830032695,344848915.71875,1962,11
1962-12-31,0.014775324978716559,349152961.9375,1962,12
1963-01-31,0.05418209251757646,367802281.0,1963,1
1963-02-28,-0.020006172029955315,358156212.96875,1963,2
1963-03-31,0.03483497486109348,369424482.625,1963,3
1963-04-30,0.049694823816002494,387210094.4375,1963,4
1963-05-31,0.022691202644908606,393257142.75,1963,5
1963-06-30,-0.0160270849391186,385913276.03125,1963,6
1963-07-31,0.0005077961417822472,385166436.03125,1963,7
1963-08-31,0.05523431355213008,404064105.03125,1963,8
1963-09-30,-0.010867773597800926,398220784.15625,1963,9
1963-10-31,0.03241355408689527,408962471.09375,1963,10
1963-11-30,-0.0039031952102101244,402719237.0625,1963,11
1963-12-31,0.023426269561965866,411479570.15625,1963,12
1964-01-31,0.02827955306853428,424155659.78125,1964,1
1964-02-29,0.01987388029257091,432228278.4375,1964,2
1964-03-31,0.019944537409003593,439166461.96875,1964,3
1964-04-30,0.00744356257310305,440786593.71875,1964,4
1964-05-31,0.019056545173824,448082027.09375,1964,5
1964-06-30,0.017406181107919416,454437580.875,1964,6
1964-07-31,0.022679103576870217,463939216.78125,1964,7
1964-08-31,-0.009996162837763377,456907022.5625,1964,8
1964-09-30,0.03194707125243414,469625799.03125,1964,9
1964-10-31,0.011144166062046584,473492340.90625,1964,10
1964-11-30,0.0049480180051931005,470180661.6875,1964,11
1964-12-31,0.005114162158013845,475622770.375,1964,12
1965-01-31,0.04092118523487274,493354473.6875,1965,1
1965-02-28,0.009849099486531898,495144062.4375,1965,2
1965-03-31,-0.008158609073476264,489619035.8125,1965,3
1965-04-30,0.036632703237053664,507605052.40625,1965,4
1965-05-31,-0.002637645265805248,503353099.0,1965,5
1965-06-30,-0.04980051546336871,476907024.3125,1965,6
1965-07-31,0.019579537597795005,484904289.25,1965,7
1965-08-31,0.03291729597700145,497545534.5,1965,8
1965-09-30,0.03445863435452413,512699422.53125,1965,9
1965-10-31,0.03223012080080415,527103332.375,1965,10
1965-11-30,0.00849984497942603,525270591.5,1965,11
1965-12-31,0.016953165601768447,536622660.46875,1965,12
1966-01-31,0.015143948813517924,542175893.21875,1966,1
1966-02-28,-0.004535167972849603,535531912.375,1966,2
1966-03-31,-0.017861410356791643,523344688.5,1966,3
1966-04-30,0.02905054159713335,535345330.875,1966,4
1966-05-31,-0.04938265674633356,504765869.0,1966,5
1966-06-30,-0.007973075557766402,499829742.9375,1966,6
1966-07-31,-0.01015849361635951,492948917.84375,1966,7
1966-08-31,-0.07186203920989205,453673268.28125,1966,8
1966-09-30,-0.002460192111487237,449847431.03125,1966,9
1966-10-31,0.048813802885208334,468910685.46875,1966,10
1966-11-30,0.02618157571364396,474252451.375,1966,11
1966-12-31,0.009043160489881156,480987781.9375,1966,12
1967-01-31,0.09181423021108641,521841377.4375,1967,1
1967-02-28,0.0149174782530233,525726927.1875,1967,2
1967-03-31,0.04800085542618618,548270317.875,1967,3
1967-04-30,0.04667464662229732,570812898.8125,1967,4
1967-05-31,-0.03616742710470812,544060213.5,1967,5
1967-06-30,0.031638791741048035,557844335.1875,1967,6
1967-07-31,0.05454769719003219,583775744.3125,1967,7
1967-08-31,-0.0029381815395072533,577446255.3125,1967,8
1967-09-30,0.03889549341567076,595342250.125,1967,9
1967-10-31,-0.020686578403831295,577537732.9375,1967,10
1967-11-30,0.010741001834863559,579247224.9375,1967,11
1967-12-31,0.03915082681847232,610357358.8125,1967,12
1968-01-31,-0.02937345246147834,585432151.25,1968,1
1968-02-29,-0.030269025748892044,563163981.5,1968,2
1968-03-31,0.009564738736807583,566582314.625,1968,3
1968-04-30,0.10074857282141807,617785642.375,1968,4
1968-05-31,0.03300737945327114,632000342.0,1968,5
1968-06-30,0.015443531739992387,638160966.9375,1968,6
1968-07-31,-0.01720423460880284,622650482.125,1968,7
1968-08-31,0.02056977600812529,631118217.0,1968,8
1968-09-30,0.049151358607879954,659159280.125,1968,9
1968-10-31,0.013034093059427017,664611728.6875,1968,10
1968-11-30,0.06318714712477248,700852595.5,1968,11
1968-12-31,-0.0312990503473683,694819692.0625,1968,12
1969-01-31,-0.0038009781003906116,690868817.4375,1969,1
1969-02-28,-0.05055996261395912,651114084.0,1969,2
1969-03-31,0.03520035911658418,671549250.9375,1969,3
1969-04-30,0.02371116586872245,685457648.0625,1969,4
1969-05-31,0.007519136204472804,685145833.75,1969,5
1969-06-30,-0.06133363387592593,639203259.59375,1969,6
1969-07-31,-0.06074418599198632,598519881.375,1969,7
1969-08-31,0.05584960423447618,628312001.25,1969,8
1969-09-30,-0.018454433907659048,613718613.4375,1969,9
1969-10-31,0.061922419822605254,648840459.5,1969,10
1969-11-30,-0.02963043285663851,625372854.8125,1969,11
1969-12-31,-0.015168360788357128,622110391.3125,1969,12
1970-01-31,-0.06869100035882894,575154801.3125,1970,1
1970-02-28,0.06273788854925995,606595864.375,1970,2
1970-03-31,-0.0010991714941162667,604014402.25,1970,3
1970-04-30,-0.09922801216381048,540125159.375,1970,4
1970-05-31,-0.05819069010430084,502727158.625,1970,5
1970-06-30,-0.0453462923206582,475703699.8125,1970,6
1970-07-31,0.08071197328586169,510232372.875,1970,7
1970-08-31,0.05429893394460077,536799450.375,1970,8
1970-09-30,0.05391732553091379,561911069.75,1970,9
1970-10-31,-0.013545123713582895,551207683.9375,1970,10
1970-11-30,0.0538800014541763,576261987.1875,1970,11
1970-12-31,0.06548297298466564,620654005.0625,1970,12
1971-01-31,0.05747130124598895,652304459.5,1971,1
1971-02-28,0.020908052305675995,661477454.9375,1971,2
1971-03-31,0.0482296657512163,689664761.125,1971,3
1971-04-30,0.03896239289499631,714096767.375,1971,4
1971-05-31,-0.03416981070310176,685131057.125,1971,5
1971-06-30,0.0065027870364208675,685571976.4375,1971,6
1971-07-31,-0.03732714711630966,657333781.875,1971,7
1971-08-31,0.04764843920406049,684040049.0,1971,8
1971-09-30,-0.0021200143319764298,680954458.5625,1971,9
1971-10-31,-0.03662479164460532,653026879.0625,1971,10
1971-11-30,0.0019713962699668412,650049567.0625,1971,11
1971-12-31,0.09456738981803789,722426240.3125,1971,12
1972-01-31,0.033162723779209854,743359800.4375,1972,1
1972-02-29,0.03521930175498101,765409626.9375,1972,2
1972-03-31,0.013176986707325537,771557105.8125,1972,3
1972-04-30,0.009077876672084739,776112112.25,1972,4
1972-05-31,0.019462650093355537,785324150.3125,1972,5
1972-06-30,-0.017569035516146782,769284027.5,1972,6
1972-07-31,-0.0002575453869409133,764692679.25,1972,7
1972-08-31,0.04030290943273927,789092584.25,1972,8
1972-09-30,-0.0052457398771292565,784590137.125,1972,9
1972-10-31,0.013181609553409397,791809538.25,1972,10
1972-11-30,0.05423290546272288,828174760.1875,1972,11
1972-12-31,0.013273611310412119,853320258.125,1972,12
1973-01-31,-0.02156116597882071,948720933.1875,1973,1
1973-02-28,-0.03982932379514308,904014018.5,1973,2
1973-03-31,-0.0043726966277972115,895177712.09375,1973,3
1973-04-30,-0.046147073543659094,848431015.3125,1973,4
1973-05-31,-0.018735828809064672,823787502.5625,1973,5
1973-06-30,-0.005843103098649558,813482127.21875,1973,6
1973-07-31,0.06581901730832793,858469776.84375,1973,7
1973-08-31,-0.026677271204955964,827251577.625,1973,8
1973-09-30,0.0630160898196675,870832361.90625,1973,9
1973-10-31,0.00588689595290738,870007484.53125,1973,10
1973-11-30,-0.11101933684132222,758605851.90625,1973,11
1973-12-31,0.02156444031638604,766069402.8125,1973,12
1974-01-31,0.01549962453186196,767822656.6875,1974,1
1974-02-28,0.005799345900194159,764273470.25,1974,2
1974-03-31,-0.017924928262782403,745653523.09375,1974,3
1974-04-30,-0.04033319851320799,710384765.78125,1974,4
1974-05-31,-0.03197805603443617,678585705.0625,1974,5
1974-06-30,-0.01718423543844325,661583689.21875,1974,6
1974-07-31,-0.06434930693364665,611515271.84375,1974,7
1974-08-31,-0.08025418753453725,553268917.5,1974,8
1974-09-30,-0.09969887744227858,491014150.21875,1974,9
1974-10-31,0.1855761023101816,571165703.3125,1974,10
1974-11-30,-0.033473678899579994,546325775.625,1974,11
1974-12-31,-0.02126621142579094,531645455.25,1974,12
1975-01-31,0.16268152119364596,606714501.0625,1975,1
1975-02-28,0.06834940156268818,640233221.3125,1975,2
1975-03-31,0.03808317235099644,663993987.875,1975,3
1975-04-30,0.05551097862985008,695040342.28125,1975,4
1975-05-31,0.06357930713397417,731536198.40625,1975,5
1975-06-30,0.057998129618334705,767763713.09375,1975,6
1975-07-31,-0.05607541725318645,720932583.46875,1975,7
1975-08-31,-0.020326469162141335,699965018.09375,1975,8
1975-09-30,-0.03310419589999297,672617604.9375,1975,9
1975-10-31,0.0651482410942997,710009622.3125,1975,10
1975-11-30,0.03495727473790366,729002412.59375,1975,11
1975-12-31,-0.008049628506185565,719662766.6875,1975,12
1976-01-31,0.13452955094122573,809566000.9375,1976,1
1976-02-29,0.013653271492973872,813137642.5,1976,2
1976-03-31,0.032387588930002396,833693087.4375,1976,3
1976-04-30,-0.007129148491828223,824874192.625,1976,4
1976-05-31,-0.0056447920413189995,813216677.21875,1976,5
1976-06-30,0.04873615007772393,848154509.78125,1976,6
1976-07-31,-0.0028813849827927177,841854134.71875,1976,7
1976-08-31,0.0016437991210108,831909653.25,1976,8
1976-09-30,0.02762939578662993,856640260.4375,1976,9
1976-10-31,-0.017250610718643224,838489925.21875,1976,10
1976-11-30,0.011675372291955852,842008463.9375,1976,11
1976-12-31,0.06437925093779867,892268579.9375,1976,12
1977-01-31,-0.03141988386208522,857340440.59375,1977,1
1977-02-28,-0.013255098763377712,839158688.25,1977,2
1977-03-31,-0.007181969082731754,830325414.21875,1977,3
1977-04-30,0.009184842522105592,835304943.9375,1977,4
1977-05-31,-0.007897424583796513,820997904.03125,1977,5
1977-06-30,0.054227934793645176,863049958.46875,1977,6
1977-07-31,-0.009954871892077327,851624946.0625,1977,7
1977-08-31,-0.00960740338838513,835131346.5625,1977,8
1977-09-30,0.004410616564741992,835662029.78125,1977,9
1977-10-31,-0.03608109338662486,800600904.28125,1977,10
1977-11-30,0.048836580753184124,831233892.3125,1977,11
1977-12-31,0.010481420359899983,838351497.5,1977,12
1978-01-31,-0.052270619141217854,788731049.15625,1978,1
1978-02-28,-0.00605272550340033,775389206.75,1978,2
1978-03-31,0.03771282817949923,798980191.40625,1978,3
1978-04-30,0.08893997074755088,863988720.84375,1978,4
1978-05-31,0.02716567458494388,875671995.5,1978,5
1978-06-30,-0.007894697671882757,864698342.10159,1978,6
1978-07-31,0.061104262594440344,912290565.15625,1978,7
1978-08-31,0.049136335727039696,943912204.25,1978,8
1978-09-30,-0.0038857833765747534,936652580.3125,1978,9
1978-10-31,-0.10490214798847954,829071215.8125,1978,10
1978-11-30,0.03901666538118193,850690341.46875,1978,11
1978-12-31,0.020432301246759148,867362759.9375,1978,12
1979-01-31,0.054436127176829184,906571095.5625,1979,1
1979-02-28,-0.02506419173752872,872605132.0743,1979,2
1979-03-31,0.06978054269665726,925492100.0118,1979,3
1979-04-30,0.011336277752633192,929202280.85555,1979,4
1979-05-31,-0.010152281898747055,908093375.34375,1979,5
1979-06-30,0.05266881444177341,947965237.96875,1979,6
1979-07-31,0.019998082909490497,959685060.65625,1979,7
1979-08-31,0.06725614729064476,1014650755.0,1979,8
1979-09-30,0.004864152544093614,1012692927.96875,1979,9
1979-10-31,-0.0678662420930732,935906248.40625,1979,10
1979-11-30,0.06799104810325775,988357749.15625,1979,11
1979-12-31,0.03338920002769734,1017776296.13272,1979,12
1980-01-31,0.07414412948022912,1074684377.31039,1980,1
1980-02-29,0.008576164513362435,1062968354.58392,1980,2
1980-03-31,-0.10721851267183545,934462466.80267,1980,3
1980-04-30,0.057594267352927976,981334537.74017,1980,4
1980-05-31,0.06489685595144558,1035818122.13097,1980,5
1980-06-30,0.04159206737248091,1072284828.74597,1980,6
1980-07-31,0.07855524640926786,1145869954.46758,1980,7
1980-08-31,0.030272944423558185,1170111037.7823,1980,8
1980-09-30,0.036092535752232695,1205026031.16167,1980,9
1980-10-31,0.028742208956244145,1227750067.72821,1980,10
1980-11-30,0.12250331189070372,1345242170.75185,1980,11
1980-12-31,-0.023655991565283214,1311206027.99589,1980,12
1981-01-31,-0.03196906149066656,1259169836.98044,1981,1
1981-02-28,0.021735929674571566,1271482236.12395,1981,2
1981-03-31,0.05778158712392987,1327616840.4523,1981,3
1981-04-30,-0.0007415780678222376,1311961530.59593,1981,4
1981-05-31,0.019206640421711673,1323961946.74607,1981,5
1981-06-30,-0.002532678059743379,1311331228.15169,1981,6
1981-07-31,0.0045839090536208904,1305953355.66752,1981,7
1981-08-31,-0.05270523803432311,1224516953.68345,1981,8
1981-09-30,-0.051355729626270774,1147639906.85114,1981,9
1981-10-31,0.07160455958272684,1206106773.90285,1981,10
1981-11-30,0.050195534010192784,1257057958.60996,1981,11
1981-12-31,-0.023528287030597443,1224127238.64894,1981,12
1982-01-31,-0.017703014329655157,1191595932.88984,1982,1
1982-02-28,-0.04250561803601116,1123319384.9457,1982,2
1982-03-31,-0.0029229312967337163,1098969633.04064,1982,3
1982-04-30,0.049105962821892925,1139661609.41249,1982,4
1982-05-31,-0.024547501347365015,1099627496.88742,1982,5
1982-06-30,-0.014676922707111803,1070926664.59572,1982,6
1982-07-31,-0.01456938750886135,1039114948.94494,1982,7
1982-08-31,0.12510001982141675,1161798441.93859,1982,8
1982-09-30,0.023937519936120918,1180517288.8742101,1982,9
1982-10-31,0.1284572042197832,1317739564.27682,1982,10
1982-11-30,0.06259414689934611,1378743274.78704,1982,11
1982-12-31,0.01947485049444192,1404535207.08987,1982,12
1983-01-31,0.05114949004648217,1459364334.69149,1983,1
1983-02-28,0.03856069053456646,1495296277.20147,1983,2
1983-03-31,0.04123397775447366,1548878839.7957,1983,3
1983-04-30,0.08041546722587946,1667466777.59907,1983,4
1983-05-31,0.02042026125043112,1685916689.15678,1983,5
1983-06-30,0.04555132410374998,1758390750.47731,1983,6
1983-07-31,-0.027140041201787504,1707751856.77085,1983,7
1983-08-31,0.00858889041501604,1708374191.16791,1983,8
1983-09-30,0.022605999047747828,1744353082.60037,1983,9
1983-10-31,-0.0195726022162567,1697983044.25267,1983,10
1983-11-30,0.03516747590550289,1746024059.84004,1983,11
1983-12-31,-0.005714835604487241,1732978071.58455,1983,12
1984-01-31,-0.003351449347514135,1710384562.65903,1984,1
1984-02-29,-0.035803976769046716,1580838455.13248,1984,2
1984-03-31,0.01897340339790671,1643070797.20952,1984,3
1984-04-30,0.008007577284909936,1644575256.1136801,1984,4
1984-05-31,-0.04592300058864896,1550524462.94292,1984,5
1984-06-30,0.031695232863339584,1568948174.14738,1984,6
1984-07-31,-0.012966062211260556,1535461119.17,1984,7
1984-08-31,0.11720639196234346,1692965570.45859,1984,8
1984-09-30,0.005662104316500682,1688257549.18204,1984,9
1984-10-31,0.0063734605127010345,1676323361.25488,1984,10
1984-11-30,-0.006391863552300066,1643939687.54489,1984,11
1984-12-31,0.028532838952869833,1678813669.16179,1984,12
1985-01-31,0.0929958247042928,1813999773.2267,1985,1
1985-02-28,0.02222416851555676,1836679213.71104,1985,2
1985-03-31,0.004684877226323752,1825791331.46047,1985,3
1985-04-30,0.0020638493785227587,1819476586.89967,1985,4
1985-05-31,0.06287934830053814,1904033818.46352,1985,5
1985-06-30,0.022026079942196942,1918207396.45443,1985,6
1985-07-31,0.003893133856758597,1908403940.93464,1985,7
1985-08-31,-0.0011455279080165605,1890286233.94382,1985,8
1985-09-30,-0.03518226804596034,1802611777.74239,1985,9
1985-10-31,0.051883867442453505,1879710367.05607,1985,10
1985-11-30,0.07593835505162361,1993642216.90732,1985,11
1985-12-31,0.04976958368759703,2081387729.46331,1985,12
1986-01-31,0.018565446363760885,2102275025.87142,1986,1
1986-02-28,0.08286978133441594,2252457034.88152,1986,2
1986-03-31,0.06051054808032779,2370291428.165,1986,3
1986-04-30,-0.0016558651337995791,2339290375.14454,1986,4
1986-05-31,0.05637898622467056,2448526279.64063,1986,5
1986-06-30,0.02238942189133466,2492515594.9455,1986,6
1986-07-31,-0.05205517009885852,2349717349.90747,1986,7
1986-08-31,0.07074557215040458,2498474346.09086,1986,8
1986-09-30,-0.07572055941844384,2291025649.40177,1986,9
1986-10-31,0.05766194909606984,2394219075.54929,1986,10
1986-11-30,0.01961879819794895,2421948574.74759,1986,11
1986-12-31,-0.023983135349954113,2346777218.10195,1986,12
1987-01-31,0.13692053512492885,2646534450.04964,1987,1
1987-02-28,0.05531124056131264,2765329243.7245,1987,2
1987-03-31,0.028506671982988816,2823409097.4587398,1987,3
1987-04-30,-0.010718753804994511,2771385524.45761,1987,4
1987-05-31,0.009720280088051484,2776555587.21551,1987,5
1987-06-30,0.048806124014511586,2886452936.26481,1987,6
1987-07-31,0.04919592023467791,3005025259.09686,1987,7
1987-08-31,0.04484634083405975,3109332313.9195,1987,8
1987-09-30,-0.015774238505572635,3045049063.5392,1987,9
1987-10-31,-0.21263605040508068,2348771180.87114,1987,10
1987-11-30,-0.06696752399850062,2162169640.90399,1987,11
1987-12-31,0.08102226755458666,2310952546.67246,1987,12
1988-01-31,0.05486858045338684,2403270539.86619,1988,1
1988-02-29,0.05828952832631531,2511502282.65803,1988,2
1988-03-31,-0.011706666193050438,2448572553.35511,1988,3
1988-04-30,0.01443979822870592,2464072815.95698,1988,4
1988-05-31,0.0058934107782359045,2451417705.48206,1988,5
1988-06-30,0.05822758150062233,2555299198.05083,1988,6
1988-07-31,-0.0035011720309336587,2528132859.9094,1988,7
1988-08-31,-0.023130788662513287,2444246303.93711,1988,8
1988-09-30,0.04327818793059073,2530351448.85434,1988,9
1988-10-31,0.024434931187426664,2559971717.93857,1988,10
1988-11-30,-0.014517646165169124,2495916166.39769,1988,11
1988-12-31,0.024566538815769208,2508668214.66732,1988,12
1989-01-31,0.07056672416808119,2652445565.03683,1989,1
1989-02-28,-0.013152531097988678,2598681006.28278,1989,2
1989-03-31,0.0270911513401067,2648238027.51307,1989,3
1989-04-30,0.05390303491302857,2771113426.66163,1989,4
1989-05-31,0.045150196868132014,2848000994.04325,1989,5
1989-06-30,-0.002490056105371071,2812129773.32177,1989,6
1989-07-31,0.08436355550214403,3014748207.78025,1989,7
1989-08-31,0.02660724706574174,3067171725.85542,1989,8
1989-09-30,0.003391973692214059,3062720667.45951,1989,9
1989-10-31,-0.02427714955430585,2966730674.48658,1989,10
1989-11-30,0.021377351231848418,3002912115.51769,1989,11
1989-12-31,0.022168183359427444,3052026612.04199,1989,12
1990-01-31,-0.06720302809217267,2808131967.7492,1990,1
1990-02-28,0.020562400699867565,2844130040.67472,1990,2
1990-03-31,0.02891057997339093,2912674572.8658,1990,3
1990-04-30,-0.022309455309156942,2829897275.92478,1990,4
1990-05-31,0.09605322030381988,3080618638.66597,1990,5
1990-06-30,-8.957986723421198e-05,3056608969.15746,1990,6
1990-07-31,-0.005030910467754875,3015706689.0328,1990,7
1990-08-31,-0.08915995107750455,2715920649.0187,1990,8
1990-09-30,-0.04722840872673065,2555945627.58482,1990,9
1990-10-31,-0.002748749991356997,2517991180.7508802,1990,10
1990-11-30,0.07720619574909247,2677462929.77267,1990,11
1990-12-31,0.03570314878589264,2748789893.37898,1990,12
1991-01-31,0.06115039045577973,2881422994.48001,1991,1
1991-02-28,0.08281536736421123,3092626510.0446,1991,2
1991-03-31,0.03729817011770592,3186600897.48203,1991,3
1991-04-30,0.007674586112597461,3196159158.51023,1991,4
1991-05-31,0.046690801758083544,3320822451.3618,1991,5
1991-06-30,-0.04108851812737765,3189808034.80881,1991,6
1991-07-31,0.05239781629686934,3341233908.33828,1991,7
1991-08-31,0.032673172533255086,3427165471.83846,1991,8
1991-09-30,-0.006410941483735236,3404397886.36906,1991,9
1991-10-31,0.024358675200192408,3460837453.69603,1991,10
1991-11-30,-0.03227246295026586,3325671590.26467,1991,11
1991-12-31,0.12035992999864256,3710409094.99139,1991,12
1992-01-31,0.008254184723762506,3696957277.70116,1992,1
1992-02-29,0.019588026319693592,3742875813.50648,1992,2
1992-03-31,-0.018617547949846654,3683713869.3274,1992,3
1992-04-30,0.0206178602175509,3737468883.12018,1992,4
1992-05-31,0.009578270943271282,3748881601.42921,1992,5
1992-06-30,-0.014669621133495727,3694902920.82788,1992,6
1992-07-31,0.045399215375906306,3843563695.06201,1992,7
1992-08-31,-0.017155083804205964,3757174430.64562,1992,8
1992-09-30,0.019322203545076074,3815139492.89115,1992,9
1992-10-31,0.017910317036150505,3857600959.66699,1992,10
1992-11-30,0.04916484210119186,4019146338.33874,1992,11
1992-12-31,0.02360074877316274,4105091321.41132,1992,12
1993-01-31,0.018029615299386924,4157890139.28128,1993,1
1993-02-28,0.01021501640731899,4165448667.08903,1993,2
1993-03-31,0.03055539231149587,4290942943.88388,1993,3
1993-04-30,-0.020995389189075668,4177493285.77767,1993,4
1993-05-31,0.03618620891755788,4299459208.06662,1993,5
1993-06-30,0.011342286528591768,4356516306.33968,1993,6
1993-07-31,0.004407699553857009,4362762913.24609,1993,7
1993-08-31,0.04489479351919599,4531589528.25015,1993,8
1993-09-30,0.007137705121164,4555131402.38293,1993,9
1993-10-31,0.023559083432421107,4623289168.28093,1993,10
1993-11-30,-0.010881747611346585,4547786675.50943,1993,11
1993-12-31,0.023720750320777386,4650517576.01834,1993,12
1994-01-31,0.03735332645916743,4811452670.95894,1994,1
1994-02-28,-0.018236205662613744,4700170402.99468,1994,2
1994-03-31,-0.04090568123313923,4491592749.80209,1994,3
1994-04-30,0.014659088641177686,4532623607.49323,1994,4
1994-05-31,0.014655554090789119,4567753207.6811905,1994,5
1994-06-30,-0.022614859786253896,4451383123.81909,1994,6
1994-07-31,0.03563284414773836,4590949066.00163,1994,7
1994-08-31,0.04948278713384876,4776458941.0389,1994,8
1994-09-30,-0.014672900378795966,4684474999.23768,1994,9
1994-10-31,0.022871057516899156,4759359507.59858,1994,10
1994-11-30,-0.03251830256444375,4568051690.87947,1994,11
1994-12-31,0.017648044907461344,4623523086.03865,1994,12
1995-01-31,0.02784220294291026,4720071898.95823,1995,1
1995-02-28,0.04445474300743252,4892887533.68714,1995,2
1995-03-31,0.031035292009232402,5030099992.40497,1995,3
1995-04-30,0.03116778784652751,5150587048.65775,1995,4
1995-05-31,0.038940294925771606,5312270866.74246,1995,5
1995-06-30,0.03805590969405759,5487695187.67586,1995,6
1995-07-31,0.04735620275776359,5697786339.51572,1995,7
1995-08-31,0.015339004222064339,5755438642.62904,1995,8
1995-09-30,0.04329146924090239,5996505481.13365,1995,9
1995-10-31,-0.0020420765624176145,5925055862.67837,1995,10
1995-11-30,0.05062896164111822,6171323278.15745,1995,11
1995-12-31,0.022052210091099114,6294703659.90881,1995,12
1996-01-31,0.03413911905888491,6475613677.31776,1996,1
1996-02-29,0.02337343630775689,6575127746.11328,1996,2
1996-03-31,0.017636553762575346,6653777822.41895,1996,3
1996-04-30,0.033240847517347676,6823904821.80102,1996,4
1996-05-31,0.033837985663745296,7045015456.64954,1996,5
1996-06-30,-0.0010224371547593097,7014560900.10475,1996,6
1996-07-31,-0.047807855245251114,6647765754.73094,1996,7
1996-08-31,0.03757337277212258,6849219397.05346,1996,8
1996-09-30,0.06079759008446186,7229788558.55537,1996,9
1996-10-31,0.021203733248757538,7292581419.48443,1996,10
1996-11-30,0.07282977545747414,7780237545.12162,1996,11
1996-12-31,-0.006245895851588833,7680516548.49381,1996,12
1997-01-31,0.06370110349293173,8097462051.53247,1997,1
1997-02-28,0.006430447953771593,8085020546.47262,1997,2
1997-03-31,-0.04000864191460201,7724206302.98936,1997,3
1997-04-30,0.0538849102762533,8048243708.80816,1997,4
1997-05-31,0.07919431564881384,8613680363.88174,1997,5
1997-06-30,0.0512600525756291,8974311188.8963,1997,6
1997-07-31,0.08642625615996057,9651714909.43573,1997,7
1997-08-31,-0.03045506342886372,9290771469.28706,1997,8
1997-09-30,0.06464646255884055,9846208060.06542,1997,9
1997-10-31,-0.02515128631090825,9497706699.88669,1997,10
1997-11-30,0.0403177488741318,9811478663.66963,1997,11
1997-12-31,0.026167504786882307,10006785810.96285,1997,12
1998-01-31,0.013943332033320687,10057289775.47002,1998,1
1998-02-28,0.08043273945186442,10782642675.15153,1998,2
1998-03-31,0.058596687108309106,11367106082.15077,1998,3
1998-04-30,0.018646141084972815,11466091741.89082,1998,4
1998-05-31,-0.02119345223557297,11185683646.74594,1998,5
1998-06-30,0.046119774092880456,11617290703.03733,1998,6
1998-07-31,-0.010196083826184045,11421035554.24701,1998,7
1998-08-31,-0.14291065761140032,9615384856.05163,1998,8
1998-09-30,0.08400449853160492,10253184442.5227,1998,9
1998-10-31,0.0875379244297854,10994346200.89062,1998,10
1998-11-30,0.07488311603934554,11609636687.72172,1998,11
1998-12-31,0.0799883041322177,12350824207.38819,1998,12
1999-01-31,0.059191678543321725,12770653619.823391,1999,1
1999-02-28,-0.028142168291593165,12294256161.87108,1999,2
1999-03-31,0.05723357849703259,12735894653.7938,1999,3
1999-04-30,0.06697080846718027,13398749936.94488,1999,4
1999-05-31,-0.012334493865980577,13122392182.68533,1999,5
1999-06-30,0.06361035244204659,13780882601.21579,1999,6
1999-07-31,-0.022059057618933463,13383160591.64249,1999,7
1999-08-31,0.0014690244901022725,13257726097.62417,1999,8
1999-09-30,-0.011418338210019087,12992083644.863,1999,9
1999-10-31,0.08372490771714593,13873387280.94343,1999,10
1999-11-30,0.0587745538307129,14450402450.17486,1999,11
1999-12-31,0.12710268963682664,15736217000.74289,1999,12
2000-01-31,-0.018251877009701656,15082154253.09301,2000,1
2000-02-29,0.09132901722858144,15547525311.55798,2000,2
2000-03-31,0.08773100660778206,16683906474.21142,2000,3
2000-04-30,-0.033597209211011766,15771768522.69631,2000,4
2000-05-31,-0.018763412013698594,15205940461.98816,2000,5
2000-06-30,0.08632610640247132,15962221151.4309,2000,6
2000-07-31,-0.004428725321876701,15624720083.66026,2000,7
2000-08-31,0.09526434180262992,16853880254.3499,2000,8
2000-09-30,-0.021866993773037014,16106768164.55465,2000,9
2000-10-31,-0.0010685688522821726,15723493657.49734,2000,10
2000-11-30,-0.07183232637003834,14094516628.73935,2000,11
2000-12-31,0.03859785865412181,14337728164.20395,2000,12
2001-01-31,0.07177142416254191,14881674473.05309,2001,1
2001-02-28,-0.06963600871391508,13411477147.13933,2001,2
2001-03-31,-0.053714765923978745,12499239262.81629,2001,3
2001-04-30,0.09849889554988982,13557261759.98074,2001,4
2001-05-31,0.01858479401420761,13648989733.84355,2001,5
2001-06-30,-0.005624445675027444,13432721810.56364,2001,6
2001-07-31,-0.0070232015638571664,13159616870.06226,2001,7
2001-08-31,-0.05264216297360651,12354287478.7471,2001,8
2001-09-30,-0.07111928372672299,11262767668.60627,2001,9
2001-10-31,0.04425624398150461,11558813715.80093,2001,10
2001-11-30,0.08854771148345142,12428657069.02558,2001,11
2001-12-31,0.024307079044489865,12637251027.72045,2001,12
2002-01-31,-0.0035275247931501933,12472403043.95921,2002,1
2002-02-28,-0.010919949391987215,12186947134.45799,2002,2
2002-03-31,0.051649983209936065,12726346419.75183,2002,3
2002-04-30,-0.03886808556006097,12101193505.46436,2002,4
2002-05-31,-0.0061655362130879,11939861420.49818,2002,5
2002-06-30,-0.05864775303507904,11075070705.52508,2002,6
2002-07-31,-0.06755830168123092,10180437625.698,2002,7
2002-08-31,0.01328365429793749,10207585267.73521,2002,8
2002-09-30,-0.09213704352576926,9157280908.53899,2002,9
2002-10-31,0.09628558496182651,9868870881.83683,2002,10
2002-11-30,0.07504839259709271,10396824101.55803,2002,11
2002-12-31,-0.049283050232414194,9851390756.66662,2002,12
2003-01-31,-0.019112892503413272,9592607344.41355,2003,1
2003-02-28,-0.013013040191959667,9403652315.77931,2003,2
2003-03-31,0.017072908936367127,9499169075.88268,2003,3
2003-04-30,0.08978198610589151,10278238686.3049,2003,4
2003-05-31,0.07022244133265278,10882655903.5676,2003,5
2003-06-30,0.019835401631832738,11043904171.90125,2003,6
2003-07-31,0.031607881312362605,11302782489.13669,2003,7
2003-08-31,0.029249217415626024,11557700538.32014,2003,8
2003-09-30,-0.006888606681425778,11465190562.0131,2003,9
2003-10-31,0.06898660987750792,12165301662.24707,2003,10
2003-11-30,0.017943449582295202,12332368092.56,2003,11
2003-12-31,0.04845316645003014,12810564119.5838,2003,12
2004-01-31,0.027876646035123027,13112537051.6344,2004,1
2004-02-29,0.018695883497581625,13306132358.32887,2004,2
2004-03-31,-0.008700504869444344,13175543758.02188,2004,3
2004-04-30,-0.011881156360546449,12948261300.6329,2004,4
2004-05-31,0.015911172071022165,13087919794.30624,2004,5
2004-06-30,0.02311785573478721,13318536721.0929,2004,6
2004-07-31,-0.03390010943899107,12780809950.75393,2004,7
2004-08-31,0.005581190985158877,12800999820.95417,2004,8
2004-09-30,0.022008125026811626,13000496992.32192,2004,9
2004-10-31,0.020645799007998553,13138633942.55424,2004,10
2004-11-30,0.05191699576864543,13714304216.84227,2004,11
2004-12-31,0.03930819436189691,14237779401.13891,2004,12
2005-01-31,-0.02136836667176858,13874335699.33153,2005,1
2005-02-28,0.026023961234241017,14130906707.86458,2005,2
2005-03-31,-0.01336048410211347,13873909140.49566,2005,3
2005-04-30,-0.018596195838347415,13540642073.43717,2005,4
2005-05-31,0.04321082930697191,14015747580.78002,2005,5
2005-06-30,0.01186859086691015,14106669477.11872,2005,6
2005-07-31,0.04632419209590694,14668116624.86331,2005,7
2005-08-31,-0.004877991127382181,14465221449.2235,2005,8
2005-09-30,0.012016217393952602,14580348311.03428,2005,9
2005-10-31,-0.01210981980150726,14282264039.45268,2005,10
2005-11-30,0.043373484170577875,14823358222.25587,2005,11
2005-12-31,0.0036673828504054234,14788504056.20741,2005,12
2006-01-31,0.04127275409912886,15165938859.42065,2006,1
2006-02-28,0.0046068522905780875,15207427467.72712,2006,2
2006-03-31,0.02220562186003898,15455096234.30632,2006,3
2006-04-30,0.015364322473052233,15535473686.978281,2006,4
2006-05-31,-0.027247835625896253,15011244138.50427,2006,5
2006-06-30,0.0038907033852828457,15006689845.47752,2006,6
2006-07-31,0.0026046855029574177,14923005438.15275,2006,7
2006-08-31,0.029151657881854195,15175111687.76391,2006,8
2006-09-30,0.02609354653704762,15489925007.0579,2006,9
2006-10-31,0.040282339859867206,15999123635.20088,2006,10
2006-11-30,0.024862626666035698,16270868242.2072,2006,11
2006-12-31,0.01567203793017738,16446215563.29697,2006,12
2007-01-31,0.02203399295503895,16688493099.26003,2007,1
2007-02-28,-0.012503285433363084,16375259938.94035,2007,2
2007-03-31,0.014227196860547955,16497032577.82593,2007,3
2007-04-30,0.042742931688613,17115597748.65092,2007,4
2007-05-31,0.04007471920064151,17662685706.73067,2007,5
2007-06-30,-0.01280322481052522,17343271598.13036,2007,6
2007-07-31,-0.028255926331857202,16665521571.83109,2007,7
2007-08-31,0.01736696680734535,16811574609.49805,2007,8
2007-09-30,0.040166840209479235,17324364512.87291,2007,9
2007-10-31,0.030173771324693933,17539830092.82368,2007,10
2007-11-30,-0.03776568419581279,16621688343.28093,2007,11
2007-12-31,0.0008588937312837381,16478549806.59212,2007,12
2008-01-31,-0.05175665810157276,15415197137.008791,2008,1
2008-02-29,-0.020192683915948636,14863808082.93191,2008,2
2008-03-31,-0.00013308156549937962,14599970473.88192,2008,3
2008-04-30,0.056496439286340516,15396798105.41113,2008,4
2008-05-31,0.027689219772460805,15664552954.94907,2008,5
2008-06-30,-0.0713545847084306,14333912263.27261,2008,6
2008-07-31,0.009848088608205578,14212889339.32082,2008,7
2008-08-31,0.022321918890892085,14408326129.02319,2008,8
2008-09-30,-0.06929846493816288,13059320558.59929,2008,9
2008-10-31,-0.15033648621073303,10762875912.55885,2008,10
2008-11-30,-0.06132594569703113,9840305429.13043,2008,11
2008-12-31,0.028981153901011296,9984425729.10983,2008,12
2009-01-31,-0.06366266040119332,9148088902.26538,2009,1
2009-02-28,-0.08674696694868868,8172554110.92857,2009,2
2009-03-31,0.10096068419450994,8782749823.24238,2009,3
2009-04-30,0.12715952039253636,9658143936.56272,2009,4
2009-05-31,0.0642756990390775,10177637590.99366,2009,5
2009-06-30,0.011682681699435933,10242448405.78991,2009,6
2009-07-31,0.0855452249856061,11036054567.03349,2009,7
2009-08-31,0.04281069189227004,11425008541.27916,2009,8
2009-09-30,0.0463636326706284,11937028670.11947,2009,9
2009-10-31,-0.019809788886753353,11576385190.30406,2009,10
2009-11-30,0.06071142290788709,12179138237.7767,2009,11
2009-12-31,0.032594484435758644,12537281997.54834,2009,12
2010-01-31,-0.027853779650187312,12112973795.28148,2010,1
2010-02-28,0.037925187636702516,12487948084.07942,2010,2
2010-03-31,0.06762658490969181,13297166749.945,2010,3
2010-04-30,0.02583469551592321,13548805600.58947,2010,4
2010-05-31,-0.07507851550076582,12459095416.30384,2010,5
2010-06-30,-0.05059989419957599,11740541679.41436,2010,6
2010-07-31,0.07447184020965579,12498563075.89237,2010,7
2010-08-31,-0.042035147295069415,11867172423.74391,2010,8
2010-09-30,0.09994829227188098,12969714452.34552,2010,9
2010-10-31,0.04332463779467325,13435426654.37585,2010,10
2010-11-30,0.01088182705251894,13503844440.86333,2010,11
2010-12-31,0.07309021565100175,14464898483.225111,2010,12
2011-01-31,0.0238492931933907,14779141400.78177,2011,1
2011-02-28,0.039147672750432946,15268095905.07088,2011,2
2011-03-31,0.008253600769225343,15315385516.89923,2011,3
2011-04-30,0.032430043478223154,15752311155.1557,2011,4
2011-05-31,-0.00930873127911113,15499245505.30236,2011,5
2011-06-30,-0.015093029018971794,15167424104.46411,2011,6
2011-07-31,-0.018226161179767122,14758512894.77561,2011,7
2011-08-31,-0.053085829045362,13838787856.86908,2011,8
2011-09-30,-0.06756366115882641,12715806641.01618,2011,9
2011-10-31,0.1213188516063559,14111110133.01496,2011,10
2011-11-30,0.002172101661186069,13960371420.52829,2011,11
2011-12-31,0.011709222061837799,14034234456.52939,2011,12
2012-01-31,0.05763944621369712,14686338383.98775,2012,1
2012-02-29,0.04887104766196626,15263917783.44765,2012,2
2012-03-31,0.034819464098357455,15729070814.07295,2012,3
2012-04-30,-0.0049209826893129435,15560065469.1986,2012,4
2012-05-31,-0.055589024341240856,14503659663.30636,2012,5
2012-06-30,0.042659699537021374,15067410295.74971,2012,6
2012-07-31,0.012682711675055981,15141537881.86137,2012,7
2012-08-31,0.029586920166680342,15445933292.21896,2012,8
2012-09-30,0.029975574939118923,15852975314.15376,2012,9
2012-10-31,-0.01316754835898053,15486828784.63438,2012,10
2012-11-30,0.011505220174826804,15593885753.79675,2012,11
2012-12-31,0.014763716326647788,15712463266.80298,2012,12
2013-01-31,0.06018716316745686,16491445146.17362,2013,1
2013-02-28,0.015911893790184164,16691848745.34037,2013,2
2013-03-31,0.04299695154366549,17361548829.57778,2013,3
2013-04-30,0.01948308365201439,17603227268.15819,2013,4
2013-05-31,0.033008074817466176,18049158496.07673,2013,5
2013-06-30,-0.008897997315680722,17766590535.53303,2013,6
2013-07-31,0.06084101412686579,18690474408.87135,2013,7
2013-08-31,-0.02382980155375907,18160059907.30217,2013,8
2013-09-30,0.04111380905538499,18810097348.1635,2013,9
2013-10-31,0.04581166032444871,19500227478.58363,2013,10
2013-11-30,0.03482081548620818,20068172278.10579,2013,11
2013-12-31,0.031442225521587194,20602927539.81579,2013,12
2014-01-31,-0.026808785902421417,19893107066.6306,2014,1
2014-02-28,0.04995698874498595,20821406981.76027,2014,2
2014-03-31,0.007993165193659276,20867513254.5758,2014,3
2014-04-30,0.002442638224308441,20649837809.2816,2014,4
2014-05-31,0.023507733321658616,21202094487.83743,2014,5
2014-06-30,0.02932005871003564,21715170226.13253,2014,6
2014-07-31,-0.016443393537617437,21216707819.6809,2014,7
2014-08-31,0.045200207515525205,22063607376.50755,2014,8
2014-09-30,-0.016510424668197802,21578492539.35288,2014,9
2014-10-31,0.030012310033126648,22082000031.55523,2014,10
2014-11-30,0.030255334221041194,22550089087.97365,2014,11
2014-12-31,0.0026829491249224704,22541239969.85705,2014,12
2015-01-31,-0.025503366554477495,21734492613.49572,2015,1
2015-02-28,0.06524105364073306,22947437356.27003,2015,2
2015-03-31,-0.008240337413918782,22547994270.49684,2015,3
2015-04-30,0.010231243278287287,22640339257.84529,2015,4
2015-05-31,0.017350737003708778,22833282135.98549,2015,5
2015-06-30,-0.012105032076017158,22418890182.31323,2015,6
2015-07-31,0.021901356734045075,22574993583.83886,2015,7
2015-08-31,-0.05655051111469629,21296418157.32145,2015,8
2015-09-30,-0.02642680931658003,20580062824.03652,2015,9
2015-10-31,0.08351158644870976,22068793054.79633,2015,10
2015-11-30,0.009952036659840006,22058801062.02097,2015,11
2015-12-31,-0.01699587488726336,21537642844.203148,2015,12
2016-01-31,-0.049610673668843606,20214665283.75897,2016,1
2016-02-29,0.004668459317080214,19993598855.049202,2016,2
2016-03-31,0.07341843336227778,21293259275.43213,2016,3
2016-04-30,0.014806119468422991,21397724027.4448,2016,4
2016-05-31,0.02150339409307452,21633663745.03113,2016,5
2016-06-30,0.004379700260872265,21585496179.2853,2016,6
2016-07-31,0.04379049521398143,22333827691.92674,2016,7
2016-08-31,0.009075373762012484,22384166468.44498,2016,8
2016-09-30,0.0061619973462252306,22311106542.0935,2016,9
2016-10-31,-0.0160514049103317,21818957465.97548,2016,10
2016-11-30,0.057762473885187876,22778936562.30959,2016,11
2016-12-31,0.02097187579414681,23147511124.47328,2016,12
2017-01-31,0.02379088514810819,23527487825.60449,2017,1
2017-02-28,0.03928153547504055,24270841698.86527,2017,2
2017-03-31,0.004402972526940149,24241397238.10909,2017,3
2017-04-30,0.013993734798588156,24491592269.10961,2017,4
2017-05-31,0.015681644343499272,24709332162.36919,2017,5
2017-06-30,0.012264136021664283,24800960819.986702,2017,6
2017-07-31,0.022520102507439636,25127383999.74506,2017,7
2017-08-31,0.006421463692920842,25126222911.20038,2017,8
2017-09-30,0.030090338179107712,25582239469.31538,2017,9
2017-10-31,0.028722652596662707,26258214827.43517,2017,10
2017-11-30,0.03602594130222551,27015834823.60584,2017,11
2017-12-31,0.014110317460162081,27272263385.60695,2017,12
2018-01-31,0.06252338045677426,28801598726.4768,2018,1
2018-02-28,-0.030915212134112177,27690192632.23216,2018,2
2018-03-31,-0.018850347162545123,26984383876.97037,2018,3
2018-04-30,0.008782708007238014,27111290948.45977,2018,4
2018-05-31,0.03318638988181037,27811544603.65029,2018,5
2018-06-30,0.009773128884575145,27837933433.52947,2018,6
2018-07-31,0.03744508701658264,28709865202.21484,2018,7
2018-08-31,0.04200406544614465,29696409663.34441,2018,8
2018-09-30,0.005425187739756737,29662324316.83758,2018,9
2018-10-31,-0.0672099230348162,27319846340.30786,2018,10
2018-11-30,0.025709966757492392,27654547079.96435,2018,11
2018-12-31,-0.08992502251364128,24956746257.91299,2018,12
2019-01-31,0.09776296425881996,27042766359.01411,2019,1
2019-02-28,0.04082405230516258,27839581176.52821,2019,2
2019-03-31,0.01678909089063296,28088759344.81208,2019,3
2019-04-30,0.04678111702308585,29185911494.01316,2019,4
2019-05-31,-0.061476634199348186,27187526127.39087,2019,5
2019-06-30,0.0745432812347744,29150102167.50956,2019,6
2019-07-31,0.017975763395758265,29549891380.27603,2019,7
2019-08-31,-0.01756572541767555,28748035000.186302,2019,8
2019-09-30,0.01982048631232344,29135352837.10861,2019,9
2019-10-31,0.026750488895724487,29704178111.36445,2019,10
2019-11-30,0.04454556361873986,30772137987.69672,2019,11
2019-12-31,0.03271145965690588,31588351347.932808,2019,12
2020-01-31,0.007222569218095956,31521360478.38857,2020,1
2020-02-29,-0.07432095974082155,28914149832.14537,2020,2
2020-03-31,-0.11234973073568662,25024329880.87401,2020,3
2020-04-30,0.14613125682229366,28338936727.73454,2020,4
2020-05-31,0.0628518067786492,29943589706.36735,2020,5
2020-06-30,0.0333597242418129,30690647756.12026,2020,6
2020-07-31,0.06646340947720947,32494031113.00434,2020,7
2020-08-31,0.08761387314951559,34986959743.74532,2020,8
2020-09-30,-0.030548532583321308,33730742881.85978,2020,9
2020-10-31,-0.014621414230836774,33055175010.15552,2020,10
2020-11-30,0.13862606061875868,37204097039.29032,2020,11
2020-12-31,0.05428249379913432,38984700641.248886,2020,12
2021-01-31,0.01915028695298936,39064987811.73405,2021,1
2021-02-28,0.03991126555793078,40226898967.10586,2021,2
2021-03-31,0.037279349078131935,41565956356.8582,2021,3
2021-04-30,0.0542294273948566,43755891398.81132,2021,4
2021-05-31,0.007592205437096211,44015971075.34831,2021,5
2021-06-30,0.034117643209263866,45299413566.12686,2021,6
2021-07-31,0.01789483178360054,45894711594.43167,2021,7
2021-08-31,0.03429079694710615,47282321722.44967,2021,8
2021-09-30,-0.03905046615053258,45235850778.41676,2021,9
2021-10-31,0.07666520998068233,48267366832.52463,2021,10
2021-11-30,-0.005356358506915824,47460192750.57993,2021,11
2021-12-31,0.0383515921585329,49024361256.33535,2021,12
2022-01-31,-0.05268871460372498,45923986138.57488,2022,1
2022-02-28,-0.014747997611826776,44840524825.34833,2022,2
2022-03-31,0.03811509739276936,46068129784.66524,2022,3
2022-04-30,-0.08452954640666305,41613586924.970894,2022,4
2022-05-31,0.004943878984286469,41414374232.85183,2022,5
2022-06-30,-0.07653401910907534,37830087486.41059,2022,6
2022-07-31,0.10480136245721605,41369371024.31563,2022,7
2022-08-31,-0.03066753993053398,39743895630.77164,2022,8
2022-09-30,-0.08604374345942475,36022813455.91598,2022,9
2022-10-31,0.09143142234938358,38789570376.41681,2022,10
2022-11-30,0.057134283520716436,40511878195.69196,2022,11
2022-12-31,-0.05414921472637517,37947693808.93915,2022,12
2023-01-31,0.08057976335070681,40520523275.28623,2023,1
2023-02-28,-0.017152862732218617,39492657058.97551,2023,2
2023-03-31,0.038744322539078856,40462227091.07211,2023,3
2023-04-30,0.014594637060883835,40785367162.76821,2023,4
2023-05-31,0.02046140001629148,40962729898.15329,2023,5
2023-06-30,0.07364239908517463,43741142899.63332,2023,6
2023-07-31,0.04128446118982408,45278273626.4996,2023,7
2023-08-31,-0.01385365251628167,44237721490.41984,2023,8
2023-09-30,-0.04496553103045142,42043152044.94792,2023,9
2023-10-31,-0.02141378663364161,40733139485.23225,2023,10
2023-11-30,0.09927400142475896,44401632969.891,2023,11
2023-12-31,0.05862439649248191,46628370862.68376,2023,12
2024-01-31,0.019135688454122737,47133169998.84392,2024,1
2024-02-29,0.06458860627303335,49600681962.21381,2024,2
2024-03-31,0.03759475038137204,51099145030.48893,2024,3
2024-04-30,-0.0376156573980518,48838459661.98419,2024,4
2024-05-31,0.05560580853347787,51126336869.92878,2024,5
2024-06-30,0.03738248079089086,52684287461.06976,2024,6
2024-07-31,0.024208613706113807,53527558070.81445,2024,7
2024-08-31,0.026083750361103806,54594730625.08194,2024,8
2024-09-30,0.02554437251531396,55703796637.90436,2024,9
2024-10-31,-0.00035509369906613274,55313301563.66566,2024,10
2024-11-30,0.0791037243891318,59048043407.29025,2024,11
2024-12-31,-0.01835767470202921,57348715118.47565,2024,12
