date,Year,Month,Bond_lag_MV,Bond_Ew_Ret,Bond_Vw_Ret
1926-01-31,1926,1,,0.0051011067690189095,0.006829192102627778
1926-02-28,1926,2,0.019502,0.003621403122695787,0.0038439817656676766
1926-03-31,1926,3,0.0195,0.0038115530667295274,0.0035831204416263015
1926-04-30,1926,4,0.018736,0.004013733671900051,0.00648639961110636
1926-05-31,1926,5,0.019227,0.0021464119077439477,0.0026287471555894782
1926-06-30,1926,6,0.019225,0.004319121269683538,0.003744440749274706
1926-07-31,1926,7,0.018808,0.0006839763236417618,0.001341490139219506
1926-08-31,1926,8,0.018783,0.003007597665248106,0.0013657612174511164
1926-09-30,1926,9,0.018707,0.0020750859679258145,0.0009375886882136008
1926-10-31,1926,10,0.018259,0.004315595487133128,0.006379400860091908
1926-11-30,1926,11,0.018592,0.005755888863330995,0.00666711481389748
1926-12-31,1926,12,0.018563,0.004730054268707104,0.0074961507027545525
1927-01-31,1927,1,0.018021,0.0035987312037887476,0.00373415976461729
1927-02-28,1927,2,0.01823,0.004993270942205285,0.00417333388979975
1927-03-31,1927,3,0.01822,0.0053359452347361705,0.004830135976322636
1927-04-30,1927,4,0.016207,0.002545695719902361,0.0017680187619531931
1927-05-31,1927,5,0.017976,0.004251460553890609,0.005892624410433262
1927-06-30,1927,6,0.017921,0.0012603340002890274,-0.0002631677389396776
1927-07-31,1927,7,0.017104,0.003338919552335995,0.004301977343570804
1927-08-31,1927,8,0.017044,0.004117351182532844,0.005270609311658101
1927-09-30,1927,9,0.017474,0.0034609052053317093,0.001514183288788357
1927-10-31,1927,10,0.016786,0.004952442809080787,0.005475473691862866
1927-11-30,1927,11,0.0175,0.004148558753774305,0.004536765584174903
1927-12-31,1927,12,0.016743,0.005008672379379181,0.0030045244886891236
1928-01-31,1928,1,0.016829,0.002086118497663027,0.0009776779233323137
1928-02-29,1928,2,0.016476,0.003377228726495436,0.0034277984458794515
1928-03-31,1928,3,0.016387,0.0019740484510942903,0.0018094848987279925
1928-04-30,1928,4,0.016433,2.6962229371160846e-05,-0.00044045616926003056
1928-05-31,1928,5,0.016916,-0.0012648433953991905,-0.0036951327313511765
1928-06-30,1928,6,0.01684,-0.0009447404423021778,0.002653324164851187
1928-07-31,1928,7,0.016268,-0.012254912313561918,-0.007320449379839748
1928-08-31,1928,8,0.016508,0.0034635836887218345,0.004134198942536904
1928-09-30,1928,9,0.016736,-0.0014820759573091363,0.00037191027136293693
1928-10-31,1928,10,0.015735,0.0103173649335259,0.006266888903217613
1928-11-30,1928,11,0.016248,0.004730267444849374,0.002205490071898474
1928-12-31,1928,12,0.016231,0.000731270202096175,-0.0001489079374184657
1929-01-31,1929,1,0.015564,-0.0006862222517372868,-0.001369027245402506
1929-02-28,1929,2,0.016393,-0.0006380060485846085,-0.0014220893010077563
1929-03-31,1929,3,0.016378,-0.0023836920929620428,-0.004475152518610631
1929-04-30,1929,4,0.015804,0.008785740058644555,0.01234941910889538
1929-05-31,1929,5,0.016255,-0.0033967165077593998,-0.005785736284633002
1929-06-30,1929,6,0.01623,0.0058185301491783525,0.007680079334869409
1929-07-31,1929,7,0.01559,0.002622497827083541,0.0021691979812971194
1929-08-31,1929,8,0.01589,0.004182345360602573,0.003491014103345913
1929-09-30,1929,9,0.01587,-0.00200077992421656,0.0002882824917859767
1929-10-31,1929,10,0.015226,0.013347945444491088,0.014051242565620178
1929-11-30,1929,11,0.015776,0.011257371068474421,0.018168259135098855
1929-12-31,1929,12,0.015775,0.0044728334743578,0.0034696933372718028
1930-01-31,1930,1,0.014931,0.0011877510732525908,-0.0015106094106587288
1930-02-28,1930,2,0.015283,0.0065831285713275406,0.007521316564551923
1930-03-31,1930,3,0.015266,0.00830668204228379,0.008409329036649439
1930-04-30,1930,4,0.014804,0.0017998737534196637,0.0009863538619914842
1930-05-31,1930,5,0.015248,0.009293645670053413,0.008335357410965125
1930-06-30,1930,6,0.015208,0.004585670612286495,0.007416477293654692
1930-07-31,1930,7,0.014553,0.005465023934628433,0.0037090382969686077
1930-08-31,1930,8,0.014949,0.002043401391542915,0.0019479734531043318
1930-09-30,1930,9,0.014949,0.00797223181116968,0.007299162804993932
1930-10-31,1930,10,0.014566,0.0031948505844529474,0.0039040336218267623
1930-11-30,1930,11,0.014897,0.0036140452158084846,0.004613251482335749
1930-12-31,1930,12,0.014892,0.0009614783793079842,0.0011051283650540785
1931-01-31,1931,1,0.014409,-0.0011348406391483955,-0.0034576808371523096
1931-02-28,1931,2,0.014964,0.002799034978392557,0.005495478657400131
1931-03-31,1931,3,0.014837,0.003789253473224659,0.006088557669504126
1931-04-30,1931,4,0.013941,0.004391794841832092,0.00576790455928456
1931-05-31,1931,5,0.015399,0.005531074175381992,0.008257979308753596
1931-06-30,1931,6,0.015674,0.0013857568112553,0.002147482367781164
1931-07-31,1931,7,0.015195,0.00264561870525586,0.0020203643665318086
1931-08-31,1931,8,0.015932,0.0014041638261727879,0.002340709153528829
1931-09-30,1931,9,0.015954,-0.007492036015965597,-0.01688212732716146
1931-10-31,1931,10,0.015541,-0.014634490670410352,-0.01539652007967668
1931-11-30,1931,11,0.016556,0.003717896266968989,0.001987416907463706
1931-12-31,1931,12,0.016432,-0.01843672343765804,-0.019861150002400303
1932-01-31,1932,1,0.015633,-0.007262783367489777,-0.005628923789798413
1932-02-29,1932,2,0.016957,0.019358277574695725,0.022791375196659653
1932-03-31,1932,3,0.016687,0.007764000387745862,0.00721193992629526
1932-04-30,1932,4,0.016599,0.020076936650115337,0.02466394511289272
1932-05-31,1932,5,0.017677,-0.006378323610843858,-0.007043103847065927
1932-06-30,1932,6,0.017535,0.005483610795304986,0.008952293428668413
1932-07-31,1932,7,0.017878,0.0065676265121565975,0.010099663927329201
1932-08-31,1932,8,0.018337,0.004422667483967253,0.004562024931259788
1932-09-30,1932,9,0.018259,0.00600110009195287,0.006950540942564314
1932-10-31,1932,10,0.018445,0.0021147365020058252,0.0020275041109677244
1932-11-30,1932,11,0.019289,0.0020730010180785284,0.0031354339297991187
1932-12-31,1932,12,0.019715,0.006552991607458949,0.008771843279316828
1933-01-31,1933,1,0.019324,0.005073258446924248,0.004614227075087314
1933-02-28,1933,2,0.019664,-0.013046363867419732,-0.018962958210567833
1933-03-31,1933,3,0.019584,0.005025335213486829,0.007554499187770655
1933-04-30,1933,4,0.019277,0.0026210531738606415,0.004188852902742368
1933-05-31,1933,5,0.020127,0.010292798232086694,0.013848753792034964
1933-06-30,1933,6,0.020147,0.004426132467477622,0.004743805539828701
1933-07-31,1933,7,0.020438,-0.0005348745660152285,0.0006485672133810979
1933-08-31,1933,8,0.021442,0.0052012655548145156,0.005268721647799228
1933-09-30,1933,9,0.020701,0.001271039328112172,0.0011266828249614884
1933-10-31,1933,10,0.021789,-0.00021016099086214996,0.0005342472261836748
1933-11-30,1933,11,0.021179,-0.011103302797763353,-0.01416352479587087
1933-12-31,1933,12,0.021051,0.00021648236701777077,0.002562253215237254
1934-01-31,1934,1,0.021708,0.007665112244906231,0.010702670727330357
1934-02-28,1934,2,0.022584,0.007563167949674819,0.008318219836548062
1934-03-31,1934,3,0.023778,0.010350561409251233,0.011897783438425258
1934-04-30,1934,4,0.024489,0.0057906353743428455,0.009027891430188614
1934-05-31,1934,5,0.023652,0.006675281276183253,0.007603421891827914
1934-06-30,1934,6,0.024717,0.0033126439198395597,0.0046055968793364795
1934-07-31,1934,7,0.024391,0.0014542457355818691,0.0016090465321414533
1934-08-31,1934,8,0.025537,-0.0031742692857159604,-0.004165947382935382
1934-09-30,1934,9,0.025559,-0.005653772807527754,-0.008329442716084092
1934-10-31,1934,10,0.024667,0.008123222516546598,0.012886713376605477
1934-11-30,1934,11,0.025638,0.0030537974344098744,0.0023537846242251362
1934-12-31,1934,12,0.025822,0.004964001961780507,0.007950490305803028
1935-01-31,1935,1,0.025657,0.005925751864043731,0.00880112270570432
1935-02-28,1935,2,0.026065,0.004081423105496167,0.005548323520905051
1935-03-31,1935,3,0.026823,0.0020453298175426874,0.0026690377631178805
1935-04-30,1935,4,0.024603,0.0036354024818719723,0.005936890243260758
1935-05-31,1935,5,0.026786,0.0007037460564912883,-0.0017706558853076535
1935-06-30,1935,6,0.026486,0.004023256205167035,0.006377453238414935
1935-07-31,1935,7,0.024588,0.0015151116512416545,0.002151251348622757
1935-08-31,1935,8,0.025359,-0.005275997436386797,-0.008047473948880496
1935-09-30,1935,9,0.026079,-0.0011291719706167155,-0.0023365046132340413
1935-10-31,1935,10,0.025267,0.005744257202787043,0.0069608036441027085
1935-11-30,1935,11,0.025871,0.001463100070716496,0.001459564003827459
1935-12-31,1935,12,0.026008,0.0036196375260427963,0.005702016727056498
1936-01-31,1936,1,0.02635,0.0015915133443786614,0.002681706330872906
1936-02-29,1936,2,0.027237,0.00391263486932452,0.006862886573397749
1936-03-31,1936,3,0.027287,0.002510717256969564,0.00490365315394411
1936-04-30,1936,4,0.026642,0.0014345240133144695,0.0026812678307212446
1936-05-31,1936,5,0.028479,0.0018658165155659937,0.002921467014032803
1936-06-30,1936,6,0.028579,0.00017968170724767094,0.0009390704988593052
1936-07-31,1936,7,0.027446,0.001847525901757079,0.002994035550431838
1936-08-31,1936,8,0.029608,0.00372141164919872,0.006239125872653605
1936-09-30,1936,9,0.029507,0.0005273749756719684,0.0002958589688316596
1936-10-31,1936,10,0.028943,0.001005812216904431,0.0013183779902400659
1936-11-30,1936,11,0.029974,0.007894782579433329,0.013499775325985123
1936-12-31,1936,12,0.029974,-0.001023954473442647,-0.0006103277203300746
1937-01-31,1937,1,0.029209,-0.0017348127911254257,-0.003119103315089873
1937-02-28,1937,2,0.031149,0.0009337542842615252,0.0021877988503386106
1937-03-31,1937,3,0.031227,-0.013184416952501193,-0.023106931341966598
1937-04-30,1937,4,0.030794,0.0006745680813645037,0.002162109624219405
1937-05-31,1937,5,0.030275,0.004733412006940671,0.007606692455553514
1937-06-30,1937,6,0.031075,9.254898207448803e-05,-0.0005714500525815223
1937-07-31,1937,7,0.031375,0.004824346637239141,0.009058828240676461
1937-08-31,1937,8,0.032328,-0.003219848836041271,-0.006788907300523365
1937-09-30,1937,9,0.032678,0.0036554151612041338,0.005791739316796473
1937-10-31,1937,10,0.031311,0.002526399253075618,0.0034701284344411786
1937-11-30,1937,11,0.032136,0.0029523857151635313,0.0058137336938483926
1937-12-31,1937,12,0.032636,0.003189142785002234,0.00582212129749164
1938-01-31,1938,1,0.032075,0.002842214428730381,0.004876147236725264
1938-02-28,1938,2,0.033032,0.0025982052953866857,0.004224667305850545
1938-03-31,1938,3,0.032982,-0.001333196353429975,-0.0027732505554423775
1938-04-30,1938,4,0.032177,0.010203989426332076,0.014649016226925295
1938-05-31,1938,5,0.032427,0.003941350701812248,0.004201044568367523
1938-06-30,1938,6,0.031977,0.002801361977638495,0.0032526645956440906
1938-07-31,1938,7,0.030381,0.0020961032254669483,0.002054136703086341
1938-08-31,1938,8,0.031317,0.00022781433988905897,0.0007135151361104338
1938-09-30,1938,9,0.031469,-0.0005662554212777578,0.00035050470246746377
1938-10-31,1938,10,0.031287,0.005605568383926269,0.007328535106187111
1938-11-30,1938,11,0.032673,-0.00016861711004416757,-0.000787927334011541
1938-12-31,1938,12,0.032172,0.004599785497966723,0.0056674745046446425
1939-01-31,1939,1,0.031733,0.0036997744931511396,0.004113402182780066
1939-02-28,1939,2,0.034189,0.004410122267859608,0.005849580354112141
1939-03-31,1939,3,0.034191,0.005696391633275748,0.007797491939552831
1939-04-30,1939,4,0.033064,0.0032752140802794092,0.004924121424073067
1939-05-31,1939,5,0.033065,0.007113307903494105,0.010104002321084122
1939-06-30,1939,6,0.032961,-0.00225279158020861,-0.002693296637738139
1939-07-31,1939,7,0.032517,0.004410535694389948,0.006485477368853463
1939-08-31,1939,8,0.033037,-0.01013142363863817,-0.014206762225218536
1939-09-30,1939,9,0.032834,-0.022015196521989532,-0.02790928685263989
1939-10-31,1939,10,0.033025,0.020221392620806054,0.025593524152898308
1939-11-30,1939,11,0.032923,0.008809852503809574,0.010418801779977102
1939-12-31,1939,12,0.032408,0.006505249792247324,0.008621938483859481
1940-01-31,1940,1,0.031862,-0.0003021349637438659,-0.00043546155371480767
1940-02-29,1940,2,0.033582,0.0018448256252095515,0.0021913540497866626
1940-03-31,1940,3,0.033686,0.006742010995513054,0.01027461532882112
1940-04-30,1940,4,0.03289,9.417579450188984e-06,-0.00045428516179466265
1940-05-31,1940,5,0.033506,-0.01684498919071433,-0.02160872364484807
1940-06-30,1940,6,0.033508,0.013832671826348371,0.01852562324882199
1940-07-31,1940,7,0.033234,0.0017037502473548512,0.0018273126191328231
1940-08-31,1940,8,0.033411,0.003239543791143411,0.003484792348796322
1940-09-30,1940,9,0.033991,0.004539573523975688,0.006364842617778244
1940-10-31,1940,10,0.034191,0.003720984959753363,0.004014516943951403
1940-11-30,1940,11,0.033466,0.007947066537429225,0.01106167798745348
1940-12-31,1940,12,0.03409,0.0022634547465413043,0.0030334460675779536
1941-01-31,1941,1,0.033981,-0.007612951188460222,-0.011012582213737875
1941-02-28,1941,2,0.034609,-0.0022108433378725196,-0.001801270813897186
1941-03-31,1941,3,0.034611,0.0029305238244695104,0.0044899312245766584
1941-04-30,1941,4,0.033542,0.006464813326593948,0.008223305902261193
1941-05-31,1941,5,0.034622,0.0015462442550707896,0.0017507598477659516
1941-06-30,1941,6,0.035545,0.0037451215024357086,0.0047952201588497044
1941-07-31,1941,7,0.035036,0.0024765566501673032,0.0030821891936608573
1941-08-31,1941,8,0.035983,-0.00012842903123804134,-0.00033467419641981376
1941-09-30,1941,9,0.036637,-0.0004739481936353921,-0.0006792927494167105
1941-10-31,1941,10,0.036336,0.001198597570980377,0.0037810561412907236
1941-11-30,1941,11,0.03665,-0.0018790270247269268,-0.0020703679789079226
1941-12-31,1941,12,0.039465,-0.007516987594214776,-0.011336295517150272
1942-01-31,1942,1,0.040151,0.001827047363599835,0.001357101833965282
1942-02-28,1942,2,0.040555,-0.0007306783992146536,-0.0016309366959201819
1942-03-31,1942,3,0.041469,0.00638976485238342,0.009337309152276888
1942-04-30,1942,4,0.042599,-0.0009113397182223935,-0.0014310380516385115
1942-05-31,1942,5,0.042899,0.002325697941026833,0.003754079512690674
1942-06-30,1942,6,0.044407,0.00031509990543563765,0.00027383121999995276
1942-07-31,1942,7,0.045702,0.0004712261389437588,0.0006774544249995302
1942-08-31,1942,8,0.049414,0.0011087654491065918,0.0013224970572380734
1942-09-30,1942,9,0.053777,0.0002309936135232532,0.00024567010797257974
1942-10-31,1942,10,0.055249,0.0016919024058513047,0.0019110725880934366
1942-11-30,1942,11,0.059247,0.00021973551280678842,4.750835280407266e-05
1942-12-31,1942,12,0.064147,0.0014911066162824039,0.0019361379621421941
1943-01-31,1943,1,0.063863,0.0029128914508289687,0.003193811628079499
1943-02-28,1943,2,0.072968,0.0010496875444727222,0.0010904821080406542
1943-03-31,1943,3,0.075782,0.0005533716899091166,0.0007589311494352341
1943-04-30,1943,4,0.075717,0.0028855223240979496,0.003278610985577623
1943-05-31,1943,5,0.07542,0.004009923699621756,0.004615049875449202
1943-06-30,1943,6,0.076976,0.0031114029519364477,0.002914985747420892
1943-07-31,1943,7,0.091259,0.0002400543304810225,0.00022428579026563915
1943-08-31,1943,8,0.090155,0.0004244424160497104,0.000513316314344611
1943-09-30,1943,9,0.09489,0.0015508579474160019,0.001541938650282961
1943-10-31,1943,10,0.094698,0.0008501929865050238,0.0009754351501380782
1943-11-30,1943,11,0.092288,0.00032843690449114657,0.0003922110463932433
1943-12-31,1943,12,0.103445,0.0010096666657622346,0.0013929033609472214
1944-01-31,1944,1,0.111072,0.00130854568154858,0.0013735885215963907
1944-02-29,1944,2,0.108868,0.0028027594613375885,0.002726439482684122
1944-03-31,1944,3,0.11002,0.0011790374466679138,0.0011610602880862614
1944-04-30,1944,4,0.117864,0.0012837588517717016,0.0014368023040841622
1944-05-31,1944,5,0.124523,0.0014322391511231666,0.001521321859415827
1944-06-30,1944,6,0.125154,0.001398766520132464,0.0013385414765991366
1944-07-31,1944,7,0.124376,0.0018742402108750825,0.0021558067952542996
1944-08-31,1944,8,0.122612,0.0016238970341095297,0.002265436876394559
1944-09-30,1944,9,0.132525,6.445627173701987e-05,0.0003225266745929594
1944-10-31,1944,10,0.139737,0.0008957469762509534,0.0009392839524522107
1944-11-30,1944,11,0.138511,0.0012827822590881798,0.0014242492261354609
1944-12-31,1944,12,0.13643,0.0024241648166258315,0.0023439847516005226
1945-01-31,1945,1,0.139255,0.005234335681879903,0.006049934099931908
1945-02-28,1945,2,0.142135,0.003176613082951315,0.0035173089741501015
1945-03-31,1945,3,0.155025,0.0010568749142810124,0.0013364284964960122
1945-04-30,1945,4,0.152373,0.0026347999581405623,0.003346716475393455
1945-05-31,1945,5,0.155683,0.0003150789978019678,0.0008774888756834745
1945-06-30,1945,6,0.151192,0.0030981206972001286,0.003667149998403927
1945-07-31,1945,7,0.157413,1.630818611496344e-05,-0.00014209634998235164
1945-08-31,1945,8,0.156086,-0.00013646049608545676,0.00032598256994956763
1945-09-30,1945,9,0.174278,0.0013526618462661403,0.0015892815618673555
1945-10-31,1945,10,0.173926,0.0026219520713011224,0.0029915675360706814
1945-11-30,1945,11,0.173032,0.0024850719813656586,0.002750796728531631
1945-12-31,1945,12,0.172943,0.0035931656237394383,0.003972691878227441
1946-01-31,1946,1,0.169625,0.006065025185207683,0.008359538985713674
1946-02-28,1946,2,0.189266,0.0031050166135867673,0.0049143998583238615
1946-03-31,1946,3,0.194229,0.0002767833116786916,0.0012031543049227818
1946-04-30,1946,4,0.191451,-0.004989792297516498,-0.006899468249540065
1946-05-31,1946,5,0.186558,0.001275814748158957,0.002290634256244092
1946-06-30,1946,6,0.18308,0.0023431235186175273,0.002795829990995602
1946-07-31,1946,7,0.178884,-0.0011582743329899541,-0.0021689299466912657
1946-08-31,1946,8,0.178207,-0.0007795885864668881,-0.0007271397873016673
1946-09-30,1946,9,0.180739,-0.0017030459035204048,-0.0016497818789388045
1946-10-31,1946,10,0.175309,0.002792207198983416,0.0038306877289949587
1946-11-30,1946,11,0.171642,-0.0010088708832605155,-0.0018967337582391616
1946-12-31,1946,12,0.170937,0.004050492050257094,0.005493600263573657
1947-01-31,1947,1,0.16633,0.00189159047709646,0.0020491152338671602
1947-02-28,1947,2,0.165858,0.00147383565424942,0.0019756256328149232
1947-03-31,1947,3,0.166675,0.0018825961270864389,0.0024241743002852423
1947-04-30,1947,4,0.164017,-0.0003154081561346251,-5.819912680626875e-05
1947-05-31,1947,5,0.164018,0.0012026191023211104,0.001569931363820566
1947-06-30,1947,6,0.161943,-0.0001291063453011495,-0.0008761380963991053
1947-07-31,1947,7,0.160208,0.0013973383204873755,0.0012590962138865481
1947-08-31,1947,8,0.160997,0.0023815086476966555,0.003208686002926423
1947-09-30,1947,9,0.161098,0.000257149326723887,0.00014798092017610418
1947-10-31,1947,10,0.155958,-0.0029978939540171463,-0.00440472969102341
1947-11-30,1947,11,0.160569,-0.00235911212138613,-0.0026797962318895257
1947-12-31,1947,12,0.160549,-0.0043950343493228475,-0.004294102811356584
1948-01-31,1948,1,0.156371,0.0008911947117467615,0.0014205414294140547
1948-02-29,1948,2,0.160463,0.0025586418493081203,0.002164005705561324
1948-03-31,1948,3,0.157312,0.0026685834703233193,0.0025807620425372293
1948-04-30,1948,4,0.156211,0.001716027536206767,0.0018132598196042933
1948-05-31,1948,5,0.158471,0.004452921236768997,0.005286350615967642
1948-06-30,1948,6,0.156905,-0.0015750532294214997,-0.002091665909597381
1948-07-31,1948,7,0.150573,-0.0001450222856861548,0.00020114916105995226
1948-08-31,1948,8,0.157554,0.0006249480201585786,0.0010121421102458838
1948-09-30,1948,9,0.156257,0.0008218144711097887,0.0011309628711766767
1948-10-31,1948,10,0.145429,0.00048151196997340135,0.0010686651177193452
1948-11-30,1948,11,0.155938,0.0031903944422296566,0.0028229339897628213
1948-12-31,1948,12,0.155146,0.002971805307012023,0.003177392717367358
1949-01-31,1949,1,0.14855,0.003134867161960675,0.0032320255656230236
1949-02-28,1949,2,0.152881,0.001893130907391908,0.002347915152059451
1949-03-31,1949,3,0.151574,0.0022243114030164562,0.0023641709164323116
1949-04-30,1949,4,0.151836,0.0015755347613343124,0.001348622705337111
1949-05-31,1949,5,0.153607,0.0016226167749697055,0.0018407022157103721
1949-06-30,1949,6,0.148602,0.004738153470246502,0.006355188227080509
1949-07-31,1949,7,0.147515,0.0025409440605830697,0.0034553031807036064
1949-08-31,1949,8,0.153121,0.003328836960499351,0.003981094261308276
1949-09-30,1949,9,0.152417,0.0009829953864208838,0.00138015265940213
1949-10-31,1949,10,0.145979,0.0014410188913878286,0.0015217129214195543
1949-11-30,1949,11,0.153524,0.0015747863649857765,0.0019172293168337677
1949-12-31,1949,12,0.152124,0.0025662471907067276,0.0032624714821471237
1950-01-31,1950,1,0.142831,-0.0012209720115041389,-0.0019411354557621132
1950-02-28,1950,2,0.150044,0.000460710879917384,0.00014114664921163994
1950-03-31,1950,3,0.14573,0.00018222132541543168,-0.0003415223207564814
1950-04-30,1950,4,0.144216,-4.872548776491859e-05,-0.0003189188219686943
1950-05-31,1950,5,0.150557,0.0014289519131257175,0.0013156254158574142
1950-06-30,1950,6,0.144434,-0.0002061953531118502,-0.0005582762775415879
1950-07-31,1950,7,0.145459,0.002542145671468588,0.002020068122790057
1950-08-31,1950,8,0.151015,0.0007827827760214498,0.0010510203695138988
1950-09-30,1950,9,0.149516,-0.0009302148100378966,-0.001179871339790342
1950-10-31,1950,10,0.137347,-0.0003372731040735988,-0.00012729936373330613
1950-11-30,1950,11,0.147532,0.0012354656710154388,0.0013151221780277652
1950-12-31,1950,12,0.148231,0.0012535452198690446,0.0012399321064405712
1951-01-31,1951,1,0.140525,0.002540240204610779,0.002357497069117625
1951-02-28,1951,2,0.146374,3.292222670641739e-05,0.00027325344275011353
1951-03-31,1951,3,0.14708,-0.006497791614946077,-0.007839221835172314
1951-04-30,1951,4,0.149386,-0.0011552455671247103,-0.002370505313115448
1951-05-31,1951,5,0.135907,-0.0005266152385831766,-0.0003317964913276758
1951-06-30,1951,6,0.132396,0.001590700847253243,0.0016593762199700853
1951-07-31,1951,7,0.123725,0.004510353152779947,0.00470032754020764
1951-08-31,1951,8,0.126896,0.0060395009934307185,0.006483653690877167
1951-09-30,1951,9,0.134814,-0.00253792504786204,-0.003119032496903526
1951-10-31,1951,10,0.132841,0.0014180669257380257,0.001385458030649991
1951-11-30,1951,11,0.122668,-0.0005026283265818728,-0.0005570741794846783
1951-12-31,1951,12,0.136583,-0.0010655577073759217,-0.0014296023700455251
1952-01-31,1952,1,0.135612,0.0035808627260196413,0.0041760771844936775
1952-02-29,1952,2,0.137678,0.0010388189018463937,0.0008491716687771724
1952-03-31,1952,3,0.136777,0.004577964932891113,0.004917857388596907
1952-04-30,1952,4,0.135888,0.006055619059409656,0.006563692617230284
1952-05-31,1952,5,0.13451,0.0007830738927787341,0.0009957030062209356
1952-06-30,1952,6,0.137101,-0.0003362204827197999,-0.00023770479084004342
1952-07-31,1952,7,0.131342,-0.0005774607049624776,-0.0005235906765974
1952-08-31,1952,8,0.137379,-0.0012513128516182589,-0.0013875305722654164
1952-09-30,1952,9,0.136414,-0.0020784524952895474,-0.0023628794189626307
1952-10-31,1952,10,0.126825,0.004872569752156982,0.0058127368097818525
1952-11-30,1952,11,0.13777,0.0009386911433825387,0.0007027266984126972
1952-12-31,1952,12,0.141082,-9.690364064395629e-05,-4.266908199866347e-05
1953-01-31,1953,1,0.142376,0.0011636341332535581,0.001385281664501771
1953-02-28,1953,2,0.142773,-0.0011718888644553635,-0.001717021158017408
1953-03-31,1953,3,0.134213,-0.0009110634370443112,-0.0005006056493792572
1953-04-30,1953,4,0.139747,-0.003669726562294858,-0.004098040463319995
1953-05-31,1953,5,0.140196,-0.006173331091060263,-0.005983476968242401
1953-06-30,1953,6,0.137281,0.009912648332104404,0.010268291320377234
1953-07-31,1953,7,0.139322,0.004091672742927388,0.004065174758523061
1953-08-31,1953,8,0.141752,0.0015901085894437532,0.0018682825371029727
1953-09-30,1953,9,0.144811,0.01254968583138315,0.012643023437085727
1953-10-31,1953,10,0.13744,0.005355672668939773,0.004797060433383536
1953-11-30,1953,11,0.14676,5.5749071614680424e-05,-0.00019830940519681057
1953-12-31,1953,12,0.138106,0.008261573282492158,0.008405761882843038
1954-01-31,1954,1,0.147026,0.00686930417590798,0.006728083214006557
1954-02-28,1954,2,0.148552,0.005957787517286648,0.00633719266311299
1954-03-31,1954,3,0.130405,0.003283720422384043,0.003648453370082645
1954-04-30,1954,4,0.141172,0.004660574076562011,0.005697177478796518
1954-05-31,1954,5,0.144015,-0.0044322162270438266,-0.005752986300759496
1954-06-30,1954,6,0.138094,0.006210050785915908,0.006809154414357676
1954-07-31,1954,7,0.142785,0.0023224338217044216,0.002176658109892269
1954-08-31,1954,8,0.144283,-0.0008748110760082401,-0.0011367939567104217
1954-09-30,1954,9,0.139101,-0.0001927584297940154,0.00012288834103588877
1954-10-31,1954,10,0.147906,-0.0001872657726824174,-0.0002458988718717775
1954-11-30,1954,11,0.152092,-0.00037785496655614497,-0.0008379859453055446
1954-12-31,1954,12,0.150596,0.00010654989407960247,0.00025994573261259107
1955-01-31,1955,1,0.139674,-0.003635562628420589,-0.003984016693408778
1955-02-28,1955,2,0.151795,-0.0033881662635769495,-0.0037128047234216413
1955-03-31,1955,3,0.137521,0.0024118995548508704,0.0026352857699871767
1955-04-30,1955,4,0.14578,-0.000518853661987703,-0.0006413648574401577
1955-05-31,1955,5,0.150513,0.003148404595218756,0.003513951249187253
1955-06-30,1955,6,0.145158,-0.002326490558698752,-0.002727964842323303
1955-07-31,1955,7,0.149167,-0.004209004092931548,-0.005286903896572299
1955-08-31,1955,8,0.149955,0.0011454513001004463,0.0019888385040275455
1955-09-30,1955,9,0.150943,0.005614039133942028,0.006091192152645932
1955-10-31,1955,10,0.153054,0.004791995847224139,0.005041643333028812
1955-11-30,1955,11,0.153108,-0.0024463387730155085,-0.0028234548024049237
1955-12-31,1955,12,0.15454,0.0005508340504577231,0.0006372449110767728
1956-01-31,1956,1,0.155329,0.006683463760576117,0.007614334397098098
1956-02-29,1956,2,0.155318,0.0008848210245916299,0.0008073846076778864
1956-03-31,1956,3,0.156929,-0.0054047612719437975,-0.006951987960924126
1956-04-30,1956,4,0.145868,-0.0020572260804180187,-0.001155949260144675
1956-05-31,1956,5,0.153142,0.009217160548648594,0.009826503929366355
1956-06-30,1956,6,0.151587,0.002168705710143396,0.0017384080046912963
1956-07-31,1956,7,0.148731,-0.0056218837448956845,-0.007237205482906904
1956-08-31,1956,8,0.134912,-0.005854351973499352,-0.006039302352301985
1956-09-30,1956,9,0.147697,0.0033979534550769093,0.003992828172143396
1956-10-31,1956,10,0.149911,0.0011630776860817355,0.00018408107636704762
1956-11-30,1956,11,0.148353,-0.0022445074156847112,-0.0019052123312450135
1956-12-31,1956,12,0.142543,-0.0017626236861295124,-0.0025556511688515113
1957-01-31,1957,1,0.151344,0.01488045525003981,0.016583679315871527
1957-02-28,1957,2,0.152407,-0.0009875519448045162,-0.0014418514468631657
1957-03-31,1957,3,0.14401,0.0036638523655985397,0.003403603676066679
1957-04-30,1957,4,0.1531,-0.0029479763144010106,-0.0033431475091491667
1957-05-31,1957,5,0.151842,-0.001551073833860134,-0.0018442615082447536
1957-06-30,1957,6,0.148798,-0.0046592061425867895,-0.005463405807480422
1957-07-31,1957,7,0.148846,0.0029287283020488115,0.0031179638952646823
1957-08-31,1957,8,0.138517,0.00402232209374469,0.004804037362116221
1957-09-30,1957,9,0.151166,0.0006917615124630787,0.00016710396599631705
1957-10-31,1957,10,0.15246,0.0036901986700709493,0.003513222079725456
1957-11-30,1957,11,0.154013,0.025012337508903304,0.027232123949731117
1957-12-31,1957,12,0.145249,0.014454550758715639,0.013447394194406508
1958-01-31,1958,1,0.155509,0.004390801986763301,0.0045970628368762
1958-02-28,1958,2,0.154376,0.008121434963206563,0.009087941325530502
1958-03-31,1958,3,0.142004,0.004929193275471947,0.005259757528186359
1958-04-30,1958,4,0.154237,0.005855770390554914,0.004765500767376752
1958-05-31,1958,5,0.153366,0.003778997418153738,0.004066405475502858
1958-06-30,1958,6,0.158948,-0.00656961913833203,-0.006422940074759276
1958-07-31,1958,7,0.149527,-0.006838499046135489,-0.0065971342187097414
1958-08-31,1958,8,0.146277,-0.024125694036484974,-0.02427882061282626
1958-09-30,1958,9,0.158497,-0.0005017432507387732,-0.0006738911420879425
1958-10-31,1958,10,0.158621,0.003165712848598558,0.0028253682294730746
1958-11-30,1958,11,0.163628,0.007546655994396543,0.007220706038083009
1958-12-31,1958,12,0.155316,-0.005476356578042745,-0.005363967143496725
1959-01-31,1959,1,0.165858,-0.0009663598902580053,-0.0007748010558779936
1959-02-28,1959,2,0.168674,0.006140379601500495,0.007248866933668819
1959-03-31,1959,3,0.157857,-0.0014656302950265395,-0.0018536796461501256
1959-04-30,1959,4,0.172687,-0.0026955191242121865,-0.0038626735699102063
1959-05-31,1959,5,0.178075,0.0010852779840062317,0.0009574019690973447
1959-06-30,1959,6,0.172638,0.00013392141535099858,-0.000250134616054358
1959-07-31,1959,7,0.175618,0.003769034999978091,0.0036080138858308555
1959-08-31,1959,8,0.16246,-0.003911762785059607,-0.004730812145554821
1959-09-30,1959,9,0.18282,0.0018377081513514433,0.0025640970184006373
1959-10-31,1959,10,0.180937,0.010041114559737432,0.009859118332364457
1959-11-30,1959,11,0.181886,-0.0016402373436603952,-0.0016430844140783404
1959-12-31,1959,12,0.175284,-0.0029767598125294073,-0.0031142357233537575
1960-01-31,1960,1,0.185999,0.009324389421430709,0.010281873182645859
1960-02-29,1960,2,0.186872,0.0061264518324534965,0.0063256539405032505
1960-03-31,1960,3,0.175442,0.018323228108564175,0.020013122927875642
1960-04-30,1960,4,0.183374,-0.003342639249316423,-0.004008728606452059
1960-05-31,1960,5,0.1807,0.0062390807352566535,0.006053059261422862
1960-06-30,1960,6,0.179722,0.013479794383610653,0.013791856136915942
1960-07-31,1960,7,0.177607,0.01468164253338756,0.016204689402989057
1960-08-31,1960,8,0.180079,0.0002941923158550612,8.206027514875865e-06
1960-09-30,1960,9,0.17504,0.0028370191644073563,0.002633209341507456
1960-10-31,1960,10,0.182611,0.0010263534961435495,0.0011231339627868443
1960-11-30,1960,11,0.183646,-0.003509801981201514,-0.0038120160380561425
1960-12-31,1960,12,0.17633,0.013757605408909187,0.014147000318564461
1961-01-31,1961,1,0.187,-0.0032492717132876973,-0.0028920062065915597
1961-02-28,1961,2,0.18541,0.005999581445542463,0.0058948693101547375
1961-03-31,1961,3,0.180322,0.0018180298632090107,0.0020159557656197562
1961-04-30,1961,4,0.183427,0.00509085553982547,0.005146170306076188
1961-05-31,1961,5,0.184355,0.0004074489872450244,0.0004975423445814538
1961-06-30,1961,6,0.178144,-0.0021289550154243156,-0.0019926145432966357
1961-07-31,1961,7,0.184731,0.0022926206179762704,0.0021944302376753705
1961-08-31,1961,8,0.174038,-0.0003504623831258997,6.0767533613578064e-05
1961-09-30,1961,9,0.187044,0.005553110683758498,0.005334065564427449
1961-10-31,1961,10,0.186994,0.0036378653849064046,0.003468251581979575
1961-11-30,1961,11,0.190247,0.0002283777221077427,0.00030018392038784204
1961-12-31,1961,12,0.188559,-4.790282794506935e-07,0.0003009939054652482
1962-01-31,1962,1,0.193557,0.0017770736632955397,0.0018514208084626602
1962-02-28,1962,2,0.189241,0.006290899530420735,0.006696626254718168
1962-03-31,1962,3,0.181022,0.007968463106646907,0.008108554960355688
1962-04-30,1962,4,0.185947,0.005241991283688463,0.005056850061794101
1962-05-31,1962,5,0.189176,0.0016763169857193214,0.0017891123239700832
1962-06-30,1962,6,0.180778,-0.00207111673960947,-0.0020742774532424434
1962-07-31,1962,7,0.18977,0.0012128858212226814,0.0011857446919420816
1962-08-31,1962,8,0.187929,0.007604116165055318,0.00813092045749879
1962-09-30,1962,9,0.185096,0.003949620908989197,0.004122333964599224
1962-10-31,1962,10,0.184367,0.0051708382334100635,0.00505260064613363
1962-11-30,1962,11,0.1928,0.002493038875572822,0.002546576388200399
1962-12-31,1962,12,0.185815,0.0031083010307239906,0.002891003484005027
1963-01-31,1963,1,0.195766,0.0023872075478847694,0.002415066415277983
1963-02-28,1963,2,0.194686,0.0016809374779456268,0.0019316341991010414
1963-03-31,1963,3,0.191837,0.0020726217472363333,0.002133593842520691
1963-04-30,1963,4,0.192613,0.001858054519381875,0.0018311804069508456
1963-05-31,1963,5,0.193289,0.0018793335349162913,0.0019336896918062177
1963-06-30,1963,6,0.193135,0.0018087777942009376,0.001908400178498851
1963-07-31,1963,7,0.196331,0.001832936044720606,0.001680624213353985
1963-08-31,1963,8,0.194122,0.0019139278279464076,0.0019175885594721115
1963-09-30,1963,9,0.191565,0.002418314200116064,0.002455643547224131
1963-10-31,1963,10,0.193017,0.0008142544674426507,0.0007874838643962493
1963-11-30,1963,11,0.196059,0.0028287605872458284,0.0028102607009031027
1963-12-31,1963,12,0.191403,0.0014281267353853798,0.0013122125245523582
1964-01-31,1964,1,0.197994,0.0036934498736762773,0.0037107924661383845
1964-02-29,1964,2,0.199915,0.0014253799996152333,0.0012547357880415147
1964-03-31,1964,3,0.196834,0.0014296407234926744,0.001456244940733277
1964-04-30,1964,4,0.199891,0.004678823878494291,0.004849645218684673
1964-05-31,1964,5,0.200663,0.004645167823611041,0.00493224179241006
1964-06-30,1964,6,0.191902,0.005158348007067159,0.005381591032584574
1964-07-31,1964,7,0.199368,0.0033174114925891857,0.003217760575711307
1964-08-31,1964,8,0.195398,0.002032223612029998,0.0019790160336915245
1964-09-30,1964,9,0.196636,0.0030741006565030184,0.003396263106420445
1964-10-31,1964,10,0.19937,0.0033792755606644577,0.003231178496433932
1964-11-30,1964,11,0.203034,0.0012059830286578004,0.0011152535907211474
1964-12-31,1964,12,0.194972,0.004584460593101038,0.004620268965540572
1965-01-31,1965,1,0.204964,0.003593219027002209,0.0037145056585754367
1965-02-28,1965,2,0.200799,0.0017426070597124134,0.001623786114659383
1965-03-31,1965,3,0.206487,0.004324175262725275,0.004400974704012809
1965-04-30,1965,4,0.203698,0.0034142804907507057,0.0033403144586111946
1965-05-31,1965,5,0.206434,0.002770459705222031,0.002784263600012633
1965-06-30,1965,6,0.205942,0.004547463867579613,0.004653710609541079
1965-07-31,1965,7,0.200685,0.002386244494901224,0.0023306263688566264
1965-08-31,1965,8,0.202653,0.0008020296277012056,0.000659461289403606
1965-09-30,1965,9,0.195044,0.00012071491429352339,-0.00026455083022659104
1965-10-31,1965,10,0.203058,0.0024637819951327106,0.0022708057328448
1965-11-30,1965,11,0.201985,0.002083237162442466,0.0018092184969391305
1965-12-31,1965,12,0.197028,-0.0038525372122746263,-0.004754159998617539
1966-01-31,1966,1,0.209967,0.002133049775869197,0.00207489935593772
1966-02-28,1966,2,0.210364,-0.0036455493132174933,-0.004239817831176382
1966-03-31,1966,3,0.202778,0.012104986293271947,0.013018429309271226
1966-04-30,1966,4,0.208359,0.001668251519989264,0.0013458850488981223
1966-05-31,1966,5,0.209248,0.0017241289977060214,0.0013365034038125179
1966-06-30,1966,6,0.197796,0.0010313840426197953,0.0005913537702820234
1966-07-31,1966,7,0.203599,0.0008872139343807491,0.000808110767890545
1966-08-31,1966,8,0.203575,-0.003389692946777463,-0.005325918838453589
1966-09-30,1966,9,0.190418,0.010829612393322153,0.012826792500151188
1966-10-31,1966,10,0.20598,0.00829715884225308,0.008431990995479798
1966-11-30,1966,11,0.207827,0.0014919400843632802,0.0008973551043348679
1966-12-31,1966,12,0.204,0.015763460911997956,0.01741595468728366
1967-01-31,1967,1,0.209605,0.009535087061115239,0.009815465543806997
1967-02-28,1967,2,0.211731,-0.0018826196848721333,-0.002466981521194035
1967-03-31,1967,3,0.205591,0.011592046156083896,0.012268351543992834
1967-04-30,1967,4,0.216687,-0.0033172321631660204,-0.003704410532409596
1967-05-31,1967,5,0.213996,0.0025255399153962035,0.003058202450060913
1967-06-30,1967,6,0.200426,-0.008873524768352556,-0.010070683918122702
1967-07-31,1967,7,0.205201,0.0066947622031575844,0.007456231345507287
1967-08-31,1967,8,0.205496,0.00026837107349694935,-0.000510951214753465
1967-09-30,1967,9,0.200369,0.0023796536026709164,0.002401577511802517
1967-10-31,1967,10,0.212312,-0.004574673120834779,-0.004753062911448305
1967-11-30,1967,11,0.212352,0.0011629727166802364,0.001713402415390821
1967-12-31,1967,12,0.20935,0.005076229694481245,0.004844324624867662
1968-01-31,1968,1,0.22072,0.01250018976698257,0.01243018384194489
1968-02-29,1968,2,0.221435,0.002837365615410228,0.0026431246941885397
1968-03-31,1968,3,0.218503,-0.0014871283874827606,-0.0013020170059584834
1968-04-30,1968,4,0.225681,0.004386428030656504,0.003929407696345055
1968-05-31,1968,5,0.220634,0.003732643187428415,0.00422050574935681
1968-06-30,1968,6,0.215954,0.010594967645849815,0.010160717221722987
1968-07-31,1968,7,0.220396,0.012394257134224549,0.012623166902859303
1968-08-31,1968,8,0.218667,0.003640099524833833,0.0037652715852832665
1968-09-30,1968,9,0.216684,0.0022747177342745764,0.0025063921987684124
1968-10-31,1968,10,0.227743,0.000798770660067656,0.0008564897092165792
1968-11-30,1968,11,0.226805,-0.00016135215538355912,-0.00031695975078762804
1968-12-31,1968,12,0.222241,-0.007388993208501514,-0.008209804129708176
1969-01-31,1969,1,0.228493,0.004079424235443192,0.0044239728089515195
1969-02-28,1969,2,0.234035,0.0007325639256912683,0.0006397794883242263
1969-03-31,1969,3,0.218015,0.004281581169011593,0.004759757072896338
1969-04-30,1969,4,0.216974,0.011568482650848966,0.01046067923921108
1969-05-31,1969,5,0.22366,-0.0061946414466662976,-0.006023900776178465
1969-06-30,1969,6,0.220368,0.0014226455757301378,0.00022075160169311755
1969-07-31,1969,7,0.219104,0.005179371201012532,0.005782759408280968
1969-08-31,1969,8,0.218557,0.0026613570568234128,0.002092213546158722
1969-09-30,1969,9,0.219066,-0.009819818674274733,-0.011785180967592582
1969-10-31,1969,10,0.214339,0.017682653076578663,0.01970802925345851
1969-11-30,1969,11,0.216715,-0.0024952556312560917,-0.002329297436011511
1969-12-31,1969,12,0.23114,-0.003640331725801586,-0.00449535425156154
1970-01-31,1970,1,0.226669,0.00714952489007022,0.007059713642275365
1970-02-28,1970,2,0.22953,0.025439950301962295,0.026407510263762233
1970-03-31,1970,3,0.223134,0.005519508695039812,0.0060261959394574275
1970-04-30,1970,4,0.225323,-0.00929069590255827,-0.009170295398981733
1970-05-31,1970,5,0.22713,0.0017243434553355249,0.002884184548155386
1970-06-30,1970,6,0.218682,0.014254380650902692,0.013222070080708746
1970-07-31,1970,7,0.222753,0.012458731680659078,0.012296932867872595
1970-08-31,1970,8,0.226195,0.0043290947793724,0.005579572631856432
1970-09-30,1970,9,0.224823,0.012154943659885946,0.01265672748861997
1970-10-31,1970,10,0.228989,0.006205559505796681,0.006709456388049104
1970-11-30,1970,11,0.232231,0.025945203638523918,0.027115247092658425
1970-12-31,1970,12,0.230765,0.0033995153491832514,0.0033777413970851214
1971-01-31,1971,1,0.23857,0.015081346677596011,0.014796546946313714
1971-02-28,1971,2,0.238619,0.00662666007178074,0.008610256566577854
1971-03-31,1971,3,0.224593,0.013250455824100772,0.013383488516224206
1971-04-30,1971,4,0.23559,-0.010578079324908531,-0.013627760105668532
1971-05-31,1971,5,0.234952,-0.0005046118596257016,0.000285236654470471
1971-06-30,1971,6,0.228762,-0.0055297487511249774,-0.0083667438614514
1971-07-31,1971,7,0.227757,0.0038061909073866,0.0034757825179665973
1971-08-31,1971,8,0.235676,0.021201965204383447,0.024032381194839553
1971-09-30,1971,9,0.231241,0.0071499782479373325,0.006600553855132735
1971-10-31,1971,10,0.24072,0.010378209985441395,0.011223889197973303
1971-11-30,1971,11,0.241819,0.002648816668246685,0.002633810158578166
1971-12-31,1971,12,0.229191,0.007288757542380271,0.00852700273646015
1972-01-31,1972,1,0.251132,0.0010636952370110988,0.0007246742973625679
1972-02-29,1972,2,0.254037,0.005907758381211259,0.0059136758690777145
1972-03-31,1972,3,0.244052,-0.0027124945175471264,-0.0038456727671096944
1972-04-30,1972,4,0.253832,0.007443266958282087,0.008446862240004707
1972-05-31,1972,5,0.248814,0.00769147530690006,0.007391115377563829
1972-06-30,1972,6,0.243053,-0.000976854479733805,-0.001365938179791112
1972-07-31,1972,7,0.248342,0.007617072685569437,0.007273887222089334
1972-08-31,1972,8,0.249061,0.00036800825243618623,-7.879160101970567e-05
1972-09-30,1972,9,0.235173,0.0018398519015309772,0.002745470514453311
1972-10-31,1972,10,0.248561,0.0068076560862950644,0.006208714031217983
1972-11-30,1972,11,0.243674,0.007682126634930954,0.007291641556319087
1972-12-31,1972,12,0.253983,-0.00047076914064634576,0.0001440000375728961
1973-01-31,1973,1,0.253362,-0.0029861937097233316,-0.0015953372978121337
1973-02-28,1973,2,0.254852,0.0006952135626358712,0.000193911288149089
1973-03-31,1973,3,0.250937,0.0017765222319144117,0.0020253101450117376
1973-04-30,1973,4,0.258812,0.007972827628714747,0.007930746396914963
1973-05-31,1973,5,0.25443,0.0022496250828949902,0.0030212821908976372
1973-06-30,1973,6,0.244819,0.0014921141888596587,0.0014034300429337546
1973-07-31,1973,7,0.251796,-0.01200434132174734,-0.01109974607325267
1973-08-31,1973,8,0.25023,0.017339771703082624,0.016804593725475755
1973-09-30,1973,9,0.246679,0.020928647255591553,0.019571546395700797
1973-10-31,1973,10,0.251034,0.006409450133348297,0.006501669953242662
1973-11-30,1973,11,0.251186,0.005116772088655657,0.0050792880895936705
1973-12-31,1973,12,0.250222,0.001998650724481255,0.0033392422629773223
1974-01-31,1974,1,0.259109,0.004566200583611279,0.0052964413779141885
1974-02-28,1974,2,0.25724,0.0032223156842960793,0.0035748162807816377
1974-03-31,1974,3,0.25605,-0.00909337227014541,-0.00788457336564248
1974-04-30,1974,4,0.264394,-0.0014016030485521727,-0.0009097738058372706
1974-05-31,1974,5,0.255438,0.012354934721367915,0.011563739787558926
1974-06-30,1974,6,0.250761,0.0043721373422237406,0.003829310864834534
1974-07-31,1974,7,0.254416,0.003071671093206047,0.004005882195533986
1974-08-31,1974,8,0.253973,-0.0007228473434797618,0.0008317230266767359
1974-09-30,1974,9,0.247484,0.017933282657287667,0.018449507154389047
1974-10-31,1974,10,0.25751,0.011470590839165826,0.009718472872386821
1974-11-30,1974,11,0.259952,0.013458367031438137,0.012691553630919067
1974-12-31,1974,12,0.25717,0.011761592440367176,0.011002622305845854
1975-01-31,1975,1,0.265152,0.012270786725555942,0.011744814433448734
1975-02-28,1975,2,0.269047,0.009221519599504957,0.009254950029585556
1975-03-31,1975,3,0.269118,-0.0007637294220402685,-0.00011919438730644001
1975-04-30,1975,4,0.280193,-0.003551687388870181,-0.0031060209113553333
1975-05-31,1975,5,0.283467,0.016241294092474802,0.014905006665785482
1975-06-30,1975,6,0.284999,0.004925261666999353,0.0034467114469887996
1975-07-31,1975,7,0.297643,0.001582052047302223,0.001584125374427536
1975-08-31,1975,8,0.303675,0.0037049380717680018,0.004182072147601104
1975-09-30,1975,9,0.30509,-0.0037142376897154206,-0.0005833069728846105
1975-10-31,1975,10,0.313151,0.02190825845297736,0.019831462533103465
1975-11-30,1975,11,0.32427,0.001359377052385535,0.0019849101855434342
1975-12-31,1975,12,0.336226,0.014038153771927901,0.012559988612893933
1976-01-31,1976,1,0.338486,0.010447335734028292,0.008908903039716226
1976-02-29,1976,2,0.34504,0.0030942687815019385,0.002854051835550256
1976-03-31,1976,3,0.345563,0.009681986985252574,0.008359078349065675
1976-04-30,1976,4,0.355058,0.004729838936935978,0.005313984355792655
1976-05-31,1976,5,0.363542,-0.004453880252078349,-0.0031448977210150157
1976-06-30,1976,6,0.360127,0.011584899177096574,0.01047745410249413
1976-07-31,1976,7,0.35981,0.009003672504597889,0.008250720873650752
1976-08-31,1976,8,0.371714,0.010861013467810812,0.009719903668971318
1976-09-30,1976,9,0.363512,0.009022656910336308,0.008217325478619
1976-10-31,1976,10,0.382742,0.007563263360995279,0.007908062993898493
1976-11-30,1976,11,0.388989,0.015776784592260142,0.014898158493762309
1976-12-31,1976,12,0.379889,0.00713001541617821,0.006376513497738509
1977-01-31,1977,1,0.395145,-0.015565650865572498,-0.010414840258359122
1977-02-28,1977,2,0.404071,0.0042724011504106695,0.004323083399299208
1977-03-31,1977,3,0.399489,0.006195145482467322,0.0062037664728826864
1977-04-30,1977,4,0.409168,0.004668622329519159,0.004465694278647864
1977-05-31,1977,5,0.411004,0.006000618846547578,0.0055610824782550815
1977-06-30,1977,6,0.402871,0.010494942597021039,0.008975832562853591
1977-07-31,1977,7,0.408706,-0.0014627537690608463,-0.0010089077920125522
1977-08-31,1977,8,0.412031,0.008163010615079756,0.0073634235640626915
1977-09-30,1977,9,0.401918,0.0017126939438587626,0.0020458459321988825
1977-10-31,1977,10,0.4169,-0.0007742924550439178,0.00030824928605556375
1977-11-30,1977,11,0.423446,0.007475303713549393,0.0071858177844949115
1977-12-31,1977,12,0.41895,3.246033362126103e-05,0.0012040748853300583
1978-01-31,1978,1,0.435589,0.0013057097550766533,0.0023325967000973336
1978-02-28,1978,2,0.434622,0.003790497628254933,0.004002798780899767
1978-03-31,1978,3,0.435945,0.00402628062417615,0.004334740628546923
1978-04-30,1978,4,0.451564,0.0030951505348391574,0.0037074943254343756
1978-05-31,1978,5,0.449663,0.0014974061238891916,0.0020248499215820242
1978-06-30,1978,6,0.438246,0.0005076393087513037,0.0012239070820803154
1978-07-31,1978,7,0.45087,0.008625699652296887,0.008474563173878425
1978-08-31,1978,8,0.458031,0.010229305834739183,0.008599078124867455
1978-09-30,1978,9,0.450204,0.0024275407276432774,0.002712658240921609
1978-10-31,1978,10,0.465671,-0.006169841334964111,-0.004496500232853843
1978-11-30,1978,11,0.459572,0.007957196588743482,0.008245097858402611
1978-12-31,1978,12,0.460702,-0.001915386902596375,-0.0007529367554077745
1979-01-31,1979,1,0.471874,0.015641861920490795,0.014753036400012616
1979-02-28,1979,2,0.463877,0.0020257625370273123,0.002401723767126646
1979-03-31,1979,3,0.47019,0.010041189251808882,0.009737798556713992
1979-04-30,1979,4,0.475749,0.005443408220346254,0.004956902716909504
1979-05-31,1979,5,0.479641,0.016364562565906668,0.014460501388473919
1979-06-30,1979,6,0.478724,0.015980803967170675,0.01506502606616686
1979-07-31,1979,7,0.484811,0.00034072224299675754,0.0018030539620130521
1979-08-31,1979,8,0.474584,-0.00018226299363537774,0.0007052953441963674
1979-09-30,1979,9,0.483234,-0.0008400316105899306,0.001001496346034361
1979-10-31,1979,10,0.48824,-0.027145809094279418,-0.02247711719639007
1979-11-30,1979,11,0.480763,0.026581477196520858,0.02376989049396343
1979-12-31,1979,12,0.486733,0.006806892082667258,0.0076902198726885255
1980-01-31,1980,1,0.498235,-0.009954318367542105,-0.006473708346909873
1980-02-29,1980,2,0.509232,-0.036009848510499674,-0.028562830176157638
1980-03-31,1980,3,0.506402,0.010621430445683328,0.010380193163528789
1980-04-30,1980,4,0.52699,0.07636917153108652,0.06736352718133103
1980-05-31,1980,5,0.523426,0.03277404889483411,0.028664253442107056
1980-06-30,1980,6,0.533977,0.014344120645768416,0.012397231875144289
1980-07-31,1980,7,0.535892,-0.008734439995307937,-0.006184441576862653
1980-08-31,1980,8,0.553244,-0.019381287645781245,-0.015941746705157942
1980-09-30,1980,9,0.558034,-0.004836125085298776,-0.001315243586431355
1980-10-31,1980,10,0.554782,-0.006786631640126828,-0.004415537664934776
1980-11-30,1980,11,0.573202,0.0019431109931500265,0.0024481570521800496
1980-12-31,1980,12,0.575983,0.02345754967644305,0.02263896105833216
1981-01-31,1981,1,0.577366,0.0037812009393267784,0.004952296522991857
1981-02-28,1981,2,0.598355,-0.006632816071937189,-0.002701538000389603
1981-03-31,1981,3,0.615204,0.022851301685504092,0.022012404710812554
1981-04-30,1981,4,0.617193,-0.016862668649795375,-0.012599749210603906
1981-05-31,1981,5,0.628303,0.022447088178919803,0.019727492487706645
1981-06-30,1981,6,0.632292,0.007054730848177864,0.009424356030917685
1981-07-31,1981,7,0.620107,-0.009972175742353978,-0.005621943875000009
1981-08-31,1981,8,0.640033,-0.012252856769664108,-0.004194059080115828
1981-09-30,1981,9,0.641958,0.005299475380517773,0.008939406160726332
1981-10-31,1981,10,0.642699,0.044212893418808304,0.0379349036726253
1981-11-30,1981,11,0.66076,0.0650416462050048,0.05211836455079376
1981-12-31,1981,12,0.663234,-0.020516620337829618,-0.013866921363276462
1982-01-31,1982,1,0.678471,0.0036451401485414633,0.0049341772581835645
1982-02-28,1982,2,0.70106,0.014154017804193498,0.012879737436780381
1982-03-31,1982,3,0.702309,0.0110760029707998,0.01082328245508144
1982-04-30,1982,4,0.703482,0.021545133793667366,0.01968406427008135
1982-05-31,1982,5,0.722363,0.013215086265996665,0.013509941107592698
1982-06-30,1982,6,0.723581,-0.008441362195491662,-0.004536671011635208
1982-07-31,1982,7,0.717484,0.03447395604503284,0.030486056207489075
1982-08-31,1982,8,0.742341,0.04117905756904184,0.03325939486964822
1982-09-30,1982,9,0.746632,0.030775697517844598,0.0248868006962964
1982-10-31,1982,10,0.77721,0.03696267109784909,0.029498737185625176
1982-11-30,1982,11,0.800588,0.004727002695744949,0.006520714271610935
1982-12-31,1982,12,0.782991,0.01820216950766075,0.015317334710331311
1983-01-31,1983,1,0.825155,-0.0027235309470453623,0.0011551064688969236
1983-02-28,1983,2,0.847152,0.023127864961563174,0.017739294419260445
1983-03-31,1983,3,0.859715,-2.8985049296442177e-05,0.000801722979686131
1983-04-30,1983,4,0.883469,0.019753503027553892,0.0163416548958047
1983-05-31,1983,5,0.900719,-0.009650963061482868,-0.004595757855992001
1983-06-30,1983,6,0.891702,0.0043995603840467,0.004877190031378359
1983-07-31,1983,7,0.931413,-0.014852636661298517,-0.007981211336817578
1983-08-31,1983,8,0.950568,0.006530804564326819,0.007249893393706811
1983-09-30,1983,9,0.93308,0.02588218167553192,0.021241840823318456
1983-10-31,1983,10,0.970067,0.0022954617989726605,0.00481419016158489
1983-11-30,1983,11,0.991776,0.011002709361137938,0.00977605396732545
1983-12-31,1983,12,0.978391,0.0021493370819447126,0.004045860518395549
1984-01-31,1984,1,1.003555,0.015113214724862392,0.013404782055379361
1984-02-29,1984,2,1.011577,-0.0029201424599390484,-0.0003351129927223427
1984-03-31,1984,3,1.041444,-0.0051378735572332945,-0.0017717892501246798
1984-04-30,1984,4,1.058194,0.0023182822949287135,0.004331092675958745
1984-05-31,1984,5,1.063499,-0.019794952707450485,-0.012293199424620847
1984-06-30,1984,6,1.077928,0.010391647354732289,0.009813177509571579
1984-07-31,1984,7,1.09265,0.03454973027464451,0.027950814470430727
1984-08-31,1984,8,1.083078,0.012686628747573085,0.011918148969387074
1984-09-30,1984,9,1.115889,0.01979100892087764,0.01744608069419302
1984-10-31,1984,10,1.141647,0.03317732102021919,0.028376646025826686
1984-11-30,1984,11,1.123264,0.01532638558512403,0.014664397821411008
1984-12-31,1984,12,1.149134,0.012480737063345234,0.01200166019513277
1985-01-31,1985,1,1.169877,0.018871580965139582,0.015753946632941718
1985-02-28,1985,2,1.20506,-0.01458965109970662,-0.009293033010804667
1985-03-31,1985,3,1.212004,0.016532540912464835,0.013911758040385597
1985-04-30,1985,4,1.233443,0.017018291272119963,0.015172016062012114
1985-05-31,1985,5,1.219819,0.043379325831461604,0.03432592062199416
1985-06-30,1985,6,1.255597,0.009156569856530877,0.009055017081509693
1985-07-31,1985,7,1.27141,-0.0022764795598160382,0.00018463897415006545
1985-08-31,1985,8,1.25786,0.015143529596857393,0.013241038945793262
1985-09-30,1985,9,1.281231,0.006377435959669188,0.006533350060346346
1985-10-31,1985,10,1.301126,0.017008057945061286,0.014412725179034967
1985-11-30,1985,11,1.308982,0.019590885711852944,0.015899514802558995
1985-12-31,1985,12,1.326618,0.026670695671652228,0.021849310996687132
1986-01-31,1986,1,1.338528,0.003944852566574229,0.00534981172344815
1986-02-28,1986,2,1.372443,0.036409127970648505,0.02815569333853485
1986-03-31,1986,3,1.380777,0.03351661137605547,0.027536820410971656
1986-04-30,1986,4,1.398986,0.004541351770654468,0.004813609918739379
1986-05-31,1986,5,1.401377,-0.01657744361632346,-0.011455241426027286
1986-06-30,1986,6,1.410266,0.027184094752788768,0.022275232811146465
1986-07-31,1986,7,1.426021,0.006436835734781222,0.006473343499856435
1986-08-31,1986,8,1.449615,0.02411370096721238,0.020490730743955594
1986-09-30,1986,9,1.471654,-0.012138336817540413,-0.008834796626784429
1986-10-31,1986,10,1.451741,0.013046822246709125,0.011113606472848958
1986-11-30,1986,11,1.489922,0.010109036497464228,0.008511397793453992
1986-12-31,1986,12,1.502084,0.0020930275680042434,0.0025143507102047356
1987-01-31,1987,1,1.513539,0.009152936108692854,0.0084368849987875
1987-02-28,1987,2,1.548945,0.006601020908566992,0.006049627230578544
1987-03-31,1987,3,1.549587,-0.0038785908432050114,-0.0023290745684343703
1987-04-30,1987,4,1.534991,-0.017997122978687316,-0.014045076649405182
1987-05-31,1987,5,1.572578,-0.002500298696848497,-0.0012811531232367066
1987-06-30,1987,6,1.561949,0.010428715770511373,0.009942641161892724
1987-07-31,1987,7,1.557955,-0.0013471889170194565,-0.00012334369274623114
1987-08-31,1987,8,1.578709,-0.00329255470142767,-0.0021464052752586268
1987-09-30,1987,9,1.597405,-0.014519595959797293,-0.011956001024181524
1987-10-31,1987,10,1.592861,0.03302635289634902,0.029591675508629678
1987-11-30,1987,11,1.607669,0.004419242545505624,0.004722463698242775
1987-12-31,1987,12,1.624431,0.011632493235530792,0.010661158562344824
1988-01-31,1988,1,1.644655,0.026253338863581513,0.023118760663636682
1988-02-29,1988,2,1.663972,0.009329915743449222,0.008886344737447696
1988-03-31,1988,3,1.656498,-0.007100110162436238,-0.005322514569826566
1988-04-30,1988,4,1.684501,-0.003022547517199136,-0.002107405586064736
1988-05-31,1988,5,1.691753,-0.0046431947222938886,-0.003408505117709547
1988-06-30,1988,6,1.677806,0.018696736633346304,0.016897265319547335
1988-07-31,1988,7,1.69077,-0.003988653967504852,-0.0030843077341527964
1988-08-31,1988,8,1.707056,0.002876441031986944,0.003155821884635348
1988-09-30,1988,9,1.665788,0.01816302941499806,0.016741566321374846
1988-10-31,1988,10,1.705612,0.01524110049232832,0.01415088244548977
1988-11-30,1988,11,1.737691,-0.008328662272785003,-0.006383667203660556
1988-12-31,1988,12,1.734119,0.003679675154888489,0.00430742870022528
1989-01-31,1989,1,1.758282,0.012281285182886788,0.011596262118823666
1989-02-28,1989,2,1.76029,-0.0056811729637806455,-0.003977648143045201
1989-03-31,1989,3,1.769835,0.006647042772574462,0.00671920429882037
1989-04-30,1989,4,1.793785,0.01800008035787495,0.01678173160139368
1989-05-31,1989,5,1.802096,0.019882603246509166,0.01866761487836768
1989-06-30,1989,6,1.771639,0.027098586442179984,0.02550581942350971
1989-07-31,1989,7,1.799209,0.0178482399369617,0.016766884130778745
1989-08-31,1989,8,1.809914,-0.011009337775101947,-0.0092283561509736
1989-09-30,1989,9,1.783251,0.003693230703294307,0.004265994203151739
1989-10-31,1989,10,1.821759,0.021472316938162768,0.020298041025301774
1989-11-30,1989,11,1.827247,0.008867050993652488,0.008559943379404704
1989-12-31,1989,12,1.862564,0.0017336939884550723,0.00259072330560836
1990-01-31,1990,1,1.887038,-0.0077900320945402425,-0.006722889579258208
1990-02-28,1990,2,1.871271,0.0029886482206389715,0.0032957750003565797
1990-03-31,1990,3,1.879903,0.00200276458049243,0.0024591880417181257
1990-04-30,1990,4,1.937119,-0.004571758052800752,-0.003402840353972501
1990-05-31,1990,5,1.908757,0.022370564749719036,0.020747511019628885
1990-06-30,1990,6,1.918775,0.012987336556889476,0.01243928376981082
1990-07-31,1990,7,1.966463,0.011675640581533503,0.011251752670902171
1990-08-31,1990,8,1.969403,-0.008683922556344634,-0.006946977910713875
1990-09-30,1990,9,1.990054,0.009014039066481468,0.008478264923097466
1990-10-31,1990,10,2.030214,0.014170709625588189,0.01339769949857273
1990-11-30,1990,11,2.024081,0.018143004829414108,0.016713043120291964
1990-12-31,1990,12,2.071881,0.013529885845445608,0.012813944176300194
1991-01-31,1991,1,2.105326,0.009352624847054701,0.009216088366690028
1991-02-28,1991,2,2.131171,0.0056886090688767705,0.005623368581659511
1991-03-31,1991,3,2.137481,0.004268084844077639,0.004325969686363114
1991-04-30,1991,4,2.175424,0.009664789460297881,0.009525907817348562
1991-05-31,1991,5,2.133866,0.004801357572151344,0.004692072218220807
1991-06-30,1991,6,2.133354,-0.0003483036415645663,1.199147636025382e-05
1991-07-31,1991,7,2.209354,0.01072848192774581,0.010275223029874716
1991-08-31,1991,8,2.180451,0.01843533446638283,0.017060927611769795
1991-09-30,1991,9,2.223723,0.01668282938670284,0.015449026283144499
1991-10-31,1991,10,2.281373,0.008505241275138088,0.007983540173699446
1991-11-30,1991,11,2.332649,0.009589173200547712,0.008091730798322296
1991-12-31,1991,12,2.33912,0.026232574888794317,0.024135565169424417
1992-01-31,1992,1,2.338948,-0.010374319934071605,-0.008446108697077065
1992-02-29,1992,2,2.391615,0.00371302021575249,0.003342725127194116
1992-03-31,1992,3,2.414752,-0.003393603150396513,-0.002358831839720481
1992-04-30,1992,4,2.433546,0.006257766588231685,0.005914201722154447
1992-05-31,1992,5,2.439922,0.013405247417085174,0.012506243643717968
1992-06-30,1992,6,2.476889,0.012672078634066405,0.01089740132808573
1992-07-31,1992,7,2.485244,0.01983699928734615,0.017892935026498365
1992-08-31,1992,8,2.506629,0.00821758860279753,0.0073650186218987505
1992-09-30,1992,9,2.539473,0.012333088842108646,0.01105098025343549
1992-10-31,1992,10,2.562147,-0.010597258441327334,-0.0090556627855064
1992-11-30,1992,11,2.576787,-0.001184379435502693,-0.00032370867670544913
1992-12-31,1992,12,2.584643,0.013010646814841379,0.012041246341514033
1993-01-31,1993,1,2.65763,0.015925553426557732,0.014323456753560487
1993-02-28,1993,2,2.668254,0.015094578255174386,0.013418809362795835
1993-03-31,1993,3,2.636707,0.00390354164348261,0.0033694354666999656
1993-04-30,1993,4,2.660582,0.006543136036002152,0.00603307231778794
1993-05-31,1993,5,2.696041,-0.0007422761396613538,-0.0003185910955860479
1993-06-30,1993,6,2.738594,0.016853175777747344,0.015301518559567327
1993-07-31,1993,7,2.694985,0.004228401027624647,0.004413549517081837
1993-08-31,1993,8,2.755658,0.016327499399086808,0.014942539959558812
1993-09-30,1993,9,2.745303,0.003950993740252739,0.003568410816778564
1993-10-31,1993,10,2.797569,0.0029951200983048794,0.003082312519623168
1993-11-30,1993,11,2.822541,-0.006618727385338289,-0.005489248879260222
1993-12-31,1993,12,2.851722,0.0036183424043076118,0.0034471839507211853
1994-01-31,1994,1,2.886667,0.010816275965736099,0.009806273135417556
1994-02-28,1994,2,2.885313,-0.015210649157095564,-0.013251322533057438
1994-03-31,1994,3,2.883285,-0.014731798758314159,-0.012409091594716672
1994-04-30,1994,4,2.926961,-0.005768933217190198,-0.004822437288082779
1994-05-31,1994,5,2.934808,0.00035321984699332584,0.0004866352367389461
1994-06-30,1994,6,2.92697,-0.00034231527013398066,0.00014483982849991495
1994-07-31,1994,7,2.93561,0.013419399053958747,0.012533440002136
1994-08-31,1994,8,2.964862,0.0021658541572612956,0.0019765332436071778
1994-09-30,1994,9,2.930514,-0.009196157829492057,-0.007848140170094926
1994-10-31,1994,10,2.991978,0.0005487616765341048,0.001085792604413824
1994-11-30,1994,11,3.038752,-0.0009431403607795403,-0.00048314587966863913
1994-12-31,1994,12,2.998594,0.005517713435084145,0.005458129179107374
1995-01-31,1995,1,3.052253,0.01535694803220511,0.014268153508033204
1995-02-28,1995,2,3.068008,0.017844399931780507,0.015804677785007302
1995-03-31,1995,3,3.073067,0.005986715879975371,0.005923388343489418
1995-04-30,1995,4,3.124586,0.010884882074752885,0.009854803768157496
1995-05-31,1995,5,3.131489,0.031871753320306236,0.028164993774429714
1995-06-30,1995,6,3.074084,0.007590532924949916,0.007208632435630876
1995-07-31,1995,7,3.143416,-0.0013385334992930464,-0.00037521205761858236
1995-08-31,1995,8,3.163652,0.009716071956645726,0.009062076858170481
1995-09-30,1995,9,3.121079,0.007721329114912065,0.0071341756310036334
1995-10-31,1995,10,3.18936,0.012237360463545946,0.01138978125442866
1995-11-30,1995,11,3.189308,0.012988750807565104,0.011587861084440461
1995-12-31,1995,12,3.208482,0.011146765543174673,0.010346099039144772
1996-01-31,1996,1,3.231036,0.0065052398260261966,0.006162498432316664
1996-02-29,1996,2,3.199529,-0.012753112938977261,-0.010230187882390215
1996-03-31,1996,3,3.247325,-0.005687651925102432,-0.004188997202164695
1996-04-30,1996,4,3.299573,-0.0035704089817837265,-0.0020361515609343523
1996-05-31,1996,5,3.223219,1.917644709197801e-05,0.0007862348322169403
1996-06-30,1996,6,3.237388,0.009576671166041896,0.008740333872087376
1996-07-31,1996,7,3.272409,0.0034008996182846953,0.003615227857802475
1996-08-31,1996,8,3.257536,-0.00011946063715126442,0.0005136429580511922
1996-09-30,1996,9,3.289153,0.013632075292939454,0.012375208589760135
1996-10-31,1996,10,3.313619,0.017576829697446266,0.015736675138602853
1996-11-30,1996,11,3.309666,0.013584098032446533,0.012085655401644064
1996-12-31,1996,12,3.346908,-0.006254486418979265,-0.004591636846430408
1997-01-31,1997,1,3.363405,0.0023110711625867753,0.0026048712904786935
1997-02-28,1997,2,3.357739,0.001578281713159549,0.0018774950965573492
1997-03-31,1997,3,3.350812,-0.006281401449694731,-0.004688618563125525
1997-04-30,1997,4,3.424199,0.011322621327707309,0.010462566674865123
1997-05-31,1997,5,3.380493,0.007849178824228111,0.007565596878148004
1997-06-30,1997,6,3.307899,0.009878337911764018,0.009229902987862443
1997-07-31,1997,7,3.330246,0.02163312033665774,0.019520962413730875
1997-08-31,1997,8,3.309888,-0.00627832295717719,-0.0049026861578784
1997-09-30,1997,9,3.294775,0.013171318255935165,0.012141974188741684
1997-10-31,1997,10,3.318298,0.012972741736169597,0.011854184539819457
1997-11-30,1997,11,3.321626,0.0035301864798806103,0.0036893294311982814
1997-12-31,1997,12,3.348227,0.010400132906640939,0.009685419003705403
1998-01-31,1998,1,3.357335,0.012353418247207398,0.011320009905917644
1998-02-28,1998,2,3.319561,-0.0011630950866104931,-0.0005900063280556136
1998-03-31,1998,3,3.34795,0.00388699194544037,0.004058456063365317
1998-04-30,1998,4,3.357505,0.004182003586940148,0.004232581989038041
1998-05-31,1998,5,3.268857,0.007789563975046476,0.007498288482101152
1998-06-30,1998,6,3.222057,0.009344678722026234,0.009094922817204145
1998-07-31,1998,7,3.238098,0.002969098254945224,0.003061749803271948
1998-08-31,1998,8,3.208756,0.022457650830093028,0.021005973477568468
1998-09-30,1998,9,3.168756,0.019266217987186782,0.01800056984404654
1998-10-31,1998,10,3.18848,-0.0010394328716211176,-0.0006115122782241659
1998-11-30,1998,11,3.174216,0.0009318803444640498,0.0012498113400187655
1998-12-31,1998,12,3.177721,0.002523812039396145,0.0025923444267245263
1999-01-31,1999,1,3.201183,0.004753184265425896,0.004742811655449052
1999-02-28,1999,2,3.178965,-0.0168288224729912,-0.015179922267215248
1999-03-31,1999,3,3.151159,0.005334581448657779,0.005221934319272213
1999-04-30,1999,4,3.205724,0.0033280113872069307,0.003319086268241427
1999-05-31,1999,5,3.103502,-0.0060626368950323735,-0.00532427227746216
1999-06-30,1999,6,3.069125,0.0010288403794244821,0.0012523759185357264
1999-07-31,1999,7,3.092361,-6.932409320630254e-05,0.00024598079346318147
1999-08-31,1999,8,3.065487,0.0016434932071263736,0.0017927479022196765
1999-09-30,1999,9,3.025661,0.007141991280354001,0.006867113874633169
1999-10-31,1999,10,3.056589,0.000670140406972088,0.0009421683335962656
1999-11-30,1999,11,3.055216,0.0003040751232767458,0.0005724969382205888
1999-12-31,1999,12,3.070626,-0.002693299480650623,-0.001966975158856922
2000-01-31,2000,1,3.115168,0.0029133715529447725,0.0029219566781884783
2000-02-29,2000,2,3.038349,0.011120061422192377,0.010676566183778166
2000-03-31,2000,3,3.032545,0.015117065374408432,0.014071870522857908
2000-04-30,2000,4,3.052594,-0.0008585238113304658,-0.00037862137511554094
2000-05-31,2000,5,2.970012,0.0035087018490064003,0.0036553921500766164
2000-06-30,2000,6,2.913642,0.012681244259969164,0.011972665332652909
2000-07-31,2000,7,2.897571,0.008451264685599027,0.008044297341234881
2000-08-31,2000,8,2.865441,0.011890958239817869,0.011084352834706674
2000-09-30,2000,9,2.846343,0.0023146856975242987,0.002565340877979495
2000-10-31,2000,10,2.823747,0.008372643591951417,0.008019017172245728
2000-11-30,2000,11,2.81326,0.014785704973823711,0.013774707970321686
2000-12-31,2000,12,2.799616,0.01566662328905502,0.014728452891402814
2001-01-31,2001,1,2.787214,0.009525181604717896,0.009137431209013587
2001-02-28,2001,2,2.772942,0.009114178223604393,0.008368318957866293
2001-03-31,2001,3,2.765,0.003647048697600459,0.00391703071938345
2001-04-30,2001,4,2.786054,-0.006934946304665587,-0.0058741527316188355
2001-05-31,2001,5,2.68415,0.0047317684582644315,0.0045874421547924035
2001-06-30,2001,6,2.640763,0.002991130875679884,0.0029695791526063403
2001-07-31,2001,7,2.627574,0.018007652102215454,0.016293317508259384
2001-08-31,2001,8,2.63173,0.01068628574876149,0.009541517845897591
2001-09-30,2001,9,2.689759,0.012500011101558623,0.011476491450953752
2001-10-31,2001,10,2.697832,0.021446067394394107,0.01847990844990176
2001-11-30,2001,11,2.69151,-0.017410212295132912,-0.014093870696079099
2001-12-31,2001,12,2.705536,-0.0049876079890445795,-0.004083538979188012
2002-01-31,2002,1,2.736116,0.004865259690633045,0.004175024928034448
2002-02-28,2002,2,2.703127,0.006883470378741972,0.006017394728433445
2002-03-31,2002,3,2.770115,-0.016500923013281963,-0.01339061184812303
2002-04-30,2002,4,2.790645,0.018197060438046496,0.015377844314321341
2002-05-31,2002,5,2.755949,0.004451888900186435,0.004226985087258611
2002-06-30,2002,6,2.742454,0.01034711741835408,0.009019276506388606
2002-07-31,2002,7,2.800279,0.016780345680257016,0.014286625663657642
2002-08-31,2002,8,2.811369,0.01608153019516834,0.01265323295289565
2002-09-30,2002,9,2.837365,0.01900143097330198,0.01569430521281687
2002-10-31,2002,10,2.894225,-0.007206757708720394,-0.00490711916349775
2002-11-30,2002,11,2.8857,-0.006599899598315657,-0.005370842422665555
2002-12-31,2002,12,2.942479,0.01907494131449021,0.015400410938133617
2003-01-31,2003,1,2.960667,-0.0017284026100901654,-0.00131104685323361
2003-02-28,2003,2,2.92673,0.01259664535841057,0.00963968737565671
2003-03-31,2003,3,2.972653,-0.002075660702142768,-0.0009950565893471499
2003-04-30,2003,4,3.060478,0.003518658138916601,0.0026911800426537512
2003-05-31,2003,5,3.048624,0.020458474598453943,0.014917223575399197
2003-06-30,2003,6,3.010444,-0.002899742223748631,-0.0015418511330684622
2003-07-31,2003,7,3.119212,-0.030723760394362126,-0.021471149876463303
2003-08-31,2003,8,3.122843,0.002065632636160019,0.001187903570198931
2003-09-30,2003,9,3.111733,0.02363618174290524,0.017838686492612336
2003-10-31,2003,10,3.18642,-0.010964352300624694,-0.007848259291494783
2003-11-30,2003,11,3.204223,0.0007104964574631645,0.0004252791225959771
2003-12-31,2003,12,3.231562,0.00752718744251618,0.006108124098681697
2004-01-31,2004,1,3.288396,0.006517596224563064,0.004879093103512282
2004-02-29,2004,2,3.281211,0.009595668662558619,0.007256395685636142
2004-03-31,2004,3,3.314193,0.007064735923870562,0.005478272673830624
2004-04-30,2004,4,3.41624,-0.024414267449818648,-0.01803182555957279
2004-05-31,2004,5,3.374268,-0.002365316498257945,-0.0017586152276510125
2004-06-30,2004,6,3.386584,0.004939397142739487,0.00365019679265475
2004-07-31,2004,7,3.445197,0.006403449122766417,0.004950356713036804
2004-08-31,2004,8,3.449022,0.016913935952113948,0.012631889479449659
2004-09-30,2004,9,3.457332,0.0019571973303517897,0.0013280486039366755
2004-10-31,2004,10,3.485676,0.006482482636199531,0.0049905080808936115
2004-11-30,2004,11,3.537745,-0.009875461022384924,-0.007076277430364413
2004-12-31,2004,12,3.566352,0.008307323344486492,0.006086763184537041
2005-01-31,2005,1,3.560927,0.006888537107810519,0.004508250590260098
2005-02-28,2005,2,3.583867,-0.006588854257336928,-0.004552408598791046
2005-03-31,2005,3,3.615486,-0.0010271261554040522,-0.00017606291408426368
2005-04-30,2005,4,3.679997,0.014010915008047057,0.01059094913803811
2005-05-31,2005,5,3.661514,0.011644409822374918,0.008810352294602048
2005-06-30,2005,6,3.597585,0.005814487516817233,0.004458565147135567
2005-07-31,2005,7,3.603765,-0.011368312416418756,-0.007864432218651879
2005-08-31,2005,8,3.648388,0.013719963665285117,0.01069600431653053
2005-09-30,2005,9,3.642991,-0.010246137966375257,-0.006801399225146723
2005-10-31,2005,10,3.639111,-0.005643113442481394,-0.0034387979255845755
2005-11-30,2005,11,3.685018,0.004871124555217682,0.004389984168057506
2005-12-31,2005,12,3.695351,0.008882625512678814,0.006983434746752428
2006-01-31,2006,1,3.706014,-0.0013879213320722218,-0.00016811374183083234
2006-02-28,2006,2,3.724123,0.0016387574199337167,0.0016684350856778383
2006-03-31,2006,3,3.750819,-0.007804040065687281,-0.00405187650439628
2006-04-30,2006,4,3.838167,-0.0030160452097620933,-0.0008695663143876895
2006-05-31,2006,5,3.811749,0.0007378279400172082,0.0014339604420594973
2006-06-30,2006,6,3.739739,0.00391605918661345,0.0036519252938174564
2006-07-31,2006,7,3.741978,0.010874311347951584,0.00920927533658423
2006-08-31,2006,8,3.767546,0.01272514697644521,0.010486081136963959
2006-09-30,2006,9,3.761859,0.008172094837337539,0.007168910392405103
2006-10-31,2006,10,3.792997,0.0050459104491337135,0.0047315426500665414
2006-11-30,2006,11,3.805401,0.009042038124192457,0.007715216799569464
2006-12-31,2006,12,3.785232,-0.005734175720390805,-0.0034286960143002265
2007-01-31,2007,1,3.819366,0.000387060337783598,0.00131555345313545
2007-02-28,2007,2,3.824799,0.012904249836063671,0.010721764894766618
2007-03-31,2007,3,3.836654,0.0008260150292881649,0.0019000662611438016
2007-04-30,2007,4,3.901732,0.005246133463235511,0.004952314159554425
2007-05-31,2007,5,3.87473,-0.006290801212496775,-0.004060684203106705
2007-06-30,2007,6,3.778049,0.0004823739964169694,0.0013589135432149496
2007-07-31,2007,7,3.798251,0.014825438661635265,0.012675083652547377
2007-08-31,2007,8,3.830372,0.012421938439644757,0.011161733331980837
2007-09-30,2007,9,3.832719,0.004432789134264441,0.004425368363378652
2007-10-31,2007,10,3.892458,0.00750266184051477,0.006599983033066938
2007-11-30,2007,11,3.818672,0.026258836305647404,0.022063011455926932
2007-12-31,2007,12,3.893565,0.00035144384498320976,0.0009205788604367758
2008-01-31,2008,1,3.942124,0.02223764297391922,0.019475302825119535
2008-02-29,2008,2,3.903779,0.00787565588315157,0.006978689274781979
2008-03-31,2008,3,3.972874,0.00579002646977243,0.005325284310826538
2008-04-30,2008,4,4.099094,-0.011997226591740202,-0.010002547951708102
2008-05-31,2008,5,4.019121,-0.010696252452199594,-0.008532772145684585
2008-06-30,2008,6,4.018773,0.007487235105048761,0.006404690696936272
2008-07-31,2008,7,4.042494,0.004303189756623731,0.004015745858588912
2008-08-31,2008,8,4.081687,0.008405451379658126,0.00694797503559337
2008-09-30,2008,9,4.174809,0.006252014996036638,0.005689015496192295
2008-10-31,2008,10,4.534957,-0.0012087257977250847,0.0010110612716112467
2008-11-30,2008,11,4.922521,0.0412567934953343,0.02923313775278834
2008-12-31,2008,12,5.076132,0.024584041109739503,0.018023122083118893
2009-01-31,2009,1,5.030758,-0.021607517912646795,-0.015503387408426087
2009-02-28,2009,2,5.087654,-0.0024679267836971355,-0.0020213249776274565
2009-03-31,2009,3,5.310335,0.016563860936803357,0.011597730928177246
2009-04-30,2009,4,5.51864,-0.014154088161887915,-0.010030059076643207
2009-05-31,2009,5,5.571375,-0.007409455939922117,-0.005440195540833529
2009-06-30,2009,6,5.709102,-0.0012969105237522435,-0.0014025724638740279
2009-07-31,2009,7,5.864377,0.004005216363058305,0.003169218213690115
2009-08-31,2009,8,5.955394,0.006791373325770657,0.005195808523860442
2009-09-30,2009,9,6.052943,0.006055880846539651,0.004720572983492886
2009-10-31,2009,10,6.179915,-0.00027764016080883126,4.255507481544482e-05
2009-11-30,2009,11,6.188354,0.010337486324675708,0.008445523025785313
2009-12-31,2009,12,6.262433,-0.020190296528532617,-0.016496947298503182
2010-01-31,2010,1,6.472713,0.01311347223195221,0.011134655020159352
2010-02-28,2010,2,6.530802,0.0011539604077683368,0.0011049122695364836
2010-03-31,2010,3,6.622925,-0.0054060651978090676,-0.004647428427394135
2010-04-30,2010,4,6.92636,0.008850526138019281,0.007242244671759923
2010-05-31,2010,5,7.057622,0.013465808526238765,0.011130951699900984
2010-06-30,2010,6,7.246358,0.01594436215708058,0.013410375628574332
2010-07-31,2010,7,7.326192,0.004383653149938707,0.0038710464401013594
2010-08-31,2010,8,7.441604,0.017376464495543285,0.01403128943807264
2010-09-30,2010,9,7.542566,-0.0005361159026991935,-0.000110805156144638
2010-10-31,2010,10,7.64564,-0.001351619727701844,-0.0006561153452763444
2010-11-30,2010,11,7.786456,-0.005981641202906084,-0.005097685573507105
2010-12-31,2010,12,7.838768,-0.014294972171377651,-0.012159941143662865
2011-01-31,2011,1,7.99438,-0.0003542975480656278,-0.00014175531638114993
2011-02-28,2011,2,8.12689,-0.0006010416559923124,-0.0008486197040135101
2011-03-31,2011,3,8.155468,-0.0011075958720908792,-0.000991923950968526
2011-04-30,2011,4,8.233139,0.010291449668483412,0.009453212646334338
2011-05-31,2011,5,8.313352,0.011757952716678274,0.010616204546829551
2011-06-30,2011,6,8.36775,-0.00246238058785306,-0.0019875134695841283
2011-07-31,2011,7,8.430411,0.014766372521581876,0.01352020191448596
2011-08-31,2011,8,8.558769,0.021012207561344712,0.019137451760992717
2011-09-30,2011,9,8.564279,0.012950058812181827,0.011885139095904036
2011-10-31,2011,10,8.670241,-0.0035527057676609354,-0.0032804035786150897
2011-11-30,2011,11,8.782061,0.0032218542602002365,0.0028211587253190607
2011-12-31,2011,12,8.854997,0.0069107195244999635,0.006447440868463117
2012-01-31,2012,1,8.988996,0.0037130786267533544,0.0033963749641275917
2012-02-29,2012,2,9.100593,-0.0050839692520686,-0.004698384045917411
2012-03-31,2012,3,9.191577,-0.007744672783271443,-0.007040699793320862
2012-04-30,2012,4,9.34766,0.011274104808232821,0.010492202733162124
2012-05-31,2012,5,9.425469,0.013947063048684772,0.013035076299842211
2012-06-30,2012,6,9.406598,-0.003156426361802794,-0.002843601317553995
2012-07-31,2012,7,9.545024,0.008189080444260985,0.007802106969792708
2012-08-31,2012,8,9.607231,-0.0011780641210536716,-0.0011547336704106985
2012-09-30,2012,9,9.638883,-0.00260215448064271,-0.002433483911707736
2012-10-31,2012,10,9.740801,-0.00165289009492266,-0.0016603784238397538
2012-11-30,2012,11,9.821259,0.0042683584127877075,0.004014346294473999
2012-12-31,2012,12,9.864837,-0.0037897076436157052,-0.0035434111235316426
2013-01-31,2013,1,9.98418,-0.006348701216884479,-0.006107199002834946
2013-02-28,2013,2,10.007206,0.004928736547725052,0.004630803937105344
2013-03-31,2013,3,10.2025,0.0008860925965675642,0.0008303675667442922
2013-04-30,2013,4,10.328891,0.007505900136852308,0.007194840376934407
2013-05-31,2013,5,10.3,-0.013721847263804283,-0.01322632567818836
2013-06-30,2013,6,10.212969,-0.010857467720176085,-0.010485413738759922
2013-07-31,2013,7,10.310489,-0.0005694122956352307,-0.0006426989682799199
2013-08-31,2013,8,10.367123,-0.005705575870098158,-0.005604472319786402
2013-09-30,2013,9,10.425668,0.007642574154288105,0.007368575503609872
2013-10-31,2013,10,10.464009,0.003500603823099933,0.0034460177190011082
2013-11-30,2013,11,10.471333,-0.0029827426893710386,-0.0028654080809903657
2013-12-31,2013,12,10.638025,-0.00830441762417153,-0.008220210409468102
2014-01-31,2014,1,10.676765,0.01397839194680688,0.013898439256947651
2014-02-28,2014,2,10.61515,0.0019010356566686326,0.0018282297571166506
2014-03-31,2014,3,10.767118,-0.00218800725658574,-0.002185915844229648
2014-04-30,2014,4,10.922939,0.004597912476080319,0.00460090449797534
2014-05-31,2014,5,10.78421,0.007292244640567124,0.007351858807782356
2014-06-30,2014,6,10.769918,-0.0011133813253116295,-0.001110936202834291
2014-07-31,2014,7,10.753346,-0.0004983671760699702,-0.00048208992904915596
2014-08-31,2014,8,10.799359,0.00877469408494923,0.008942638769547737
2014-09-30,2014,9,10.848526,-0.003800642871266035,-0.0039039846632759256
2014-10-31,2014,10,10.89881,0.007146057984035065,0.007260252664642097
2014-11-30,2014,11,10.934773,0.007590071582677409,0.007763275176258509
2014-12-31,2014,12,10.967535,0.0005290779831772331,0.0006529595849783295
2015-01-31,2015,1,11.046191,0.021451851608033604,0.02244500701657136
2015-02-28,2015,2,11.092205,-0.012700895326562033,-0.013236289487918957
2015-03-31,2015,3,11.103538,0.004983574906643397,0.0049660744398724085
2015-04-30,2015,4,11.185907,-0.0036438388632227957,-0.003977106800442084
2015-05-31,2015,5,11.126198,-0.002837224501819336,-0.003158890643704801
2015-06-30,2015,6,11.134213,-0.00628257986584228,-0.006867182449380163
2015-07-31,2015,7,11.163306,0.008253463705400676,0.008725450539855387
2015-08-31,2015,8,11.227068,-0.0013293514609206607,-0.0013181938927665912
2015-09-30,2015,9,11.214682,0.00850669098524294,0.008766221820613792
2015-10-31,2015,10,11.24889,-0.0032708251127910965,-0.003374085321493125
2015-11-30,2015,11,11.176159,-0.0030114588152755683,-0.003011654954819809
2015-12-31,2015,12,11.417963,-0.001661745376115398,-0.0016524279527846944
2016-01-31,2016,1,11.489514,0.016135043074068035,0.01671819414623741
2016-02-29,2016,2,11.539788,0.006620799924281711,0.006856562682678512
2016-03-31,2016,3,11.60671,0.0016657322679476398,0.0015429458658280497
2016-04-30,2016,4,11.684659,-0.001707983765488833,-0.0018245959721334528
2016-05-31,2016,5,11.666705,3.6510599262597506e-05,6.873048995337812e-05
2016-06-30,2016,6,11.625284,0.018047742864481287,0.018641973040883424
2016-07-31,2016,7,11.67583,0.0019673673561626396,0.002198520479909899
2016-08-31,2016,8,11.732994,-0.004514500344916612,-0.0046159579350981104
2016-09-30,2016,9,11.781241,8.675823898953838e-05,1.4247192484084106e-05
2016-10-31,2016,10,11.85802,-0.0076543916367396965,-0.00799756605227699
2016-11-30,2016,11,12.022283,-0.019896474292522368,-0.020209343841299368
2016-12-31,2016,12,12.08999,-0.0005111708960213476,-0.0004642171545580259
2017-01-31,2017,1,12.101829,0.0020418877435634275,0.0019778072881659293
2017-02-28,2017,2,12.127142,0.0025147300981909594,0.0026056858174027427
2017-03-31,2017,3,12.04056,0.0015299289438284556,0.0015395556553239548
2017-04-30,2017,4,12.117009,0.004910626600420866,0.005011342136835332
2017-05-31,2017,5,12.156215,0.0046747701308125006,0.004867521073212878
2017-06-30,2017,6,12.123583,-0.0006092520944162865,-0.0005360555254461496
2017-07-31,2017,7,12.1534,0.0011982079074800837,0.0010734224799215039
2017-08-31,2017,8,12.230868,0.00849953335832408,0.00873852369571261
2017-09-30,2017,9,12.185665,-0.006495392529610681,-0.006616706944481631
2017-10-31,2017,10,12.355155,-0.000544384388638561,-0.0005318849662837682
2017-11-30,2017,11,12.470147,-0.0005140805700649023,-0.00029668137912714236
2017-12-31,2017,12,12.527644,0.00214636146058202,0.0023413244190106713
2018-01-31,2018,1,12.604683,-0.00921715908515159,-0.009322992951942412
2018-02-28,2018,2,12.612789,-0.0054040154907985345,-0.005540678925349935
2018-03-31,2018,3,12.721504,0.007052503987810608,0.007121846496550689
2018-04-30,2018,4,12.965916,-0.006335780912024966,-0.006315656312035547
2018-05-31,2018,5,12.944809,0.0063157329568703895,0.006315065940223191
2018-06-30,2018,6,12.89167,0.0017073897166695535,0.0018109043432326618
2018-07-31,2018,7,12.989736,-0.002377317047774603,-0.0023547576785822324
2018-08-31,2018,8,13.095575,0.005910075161652653,0.005806612026311673
2018-09-30,2018,9,13.213249,-0.0066648753518666675,-0.006633566113168702
2018-10-31,2018,10,13.284576,-0.002259926003508542,-0.0023989855235393206
2018-11-30,2018,11,13.317968,0.007736908266783005,0.007715713169700583
2018-12-31,2018,12,13.30732,0.015826718804166376,0.01590383461985505
2019-01-31,2019,1,13.468483,0.00405292494487585,0.004042029866629199
2019-02-28,2019,2,13.459355,-0.0016466414460762715,-0.001712145716794991
2019-03-31,2019,3,13.491569,0.01508972069988941,0.015119475898438194
2019-04-30,2019,4,13.770403,-0.0015277827361570683,-0.0016326442202178584
2019-05-31,2019,5,13.758386,0.018434531441468296,0.018656083238836847
2019-06-30,2019,6,13.697594,0.006360569577534477,0.006336914350371823
2019-07-31,2019,7,13.802757,0.0005786959856720262,0.0005932532926500064
2019-08-31,2019,8,13.708863,0.024949380222959807,0.025496667784033165
2019-09-30,2019,9,13.755719,-0.005527266648909383,-0.00559935836254129
2019-10-31,2019,10,14.06398,0.0008353500606893358,0.0007098656634370329
2019-11-30,2019,11,14.149142,-0.0019567713253155926,-0.0019036684504070611
2019-12-31,2019,12,14.347371,-0.0037815296430976694,-0.0039794032763277405
2020-01-31,2020,1,14.34262,0.019321678752155083,0.019609430515589894
2020-02-29,2020,2,14.380197,0.01812933435182922,0.018086649981520368
2020-03-31,2020,3,14.503814,0.025157528053808442,0.024746358414518263
2020-04-30,2020,4,14.724398,0.001556018150575038,0.0014552259702015039
2020-05-31,2020,5,15.717685,-0.0009332543508693836,-0.0009351417393439309
2020-06-30,2020,6,16.532871,0.0011043235618866478,0.0009615539652477483
2020-07-31,2020,7,17.363549,0.007607873899675387,0.0069941146078341685
2020-08-31,2020,8,17.540773,-0.007653723964614418,-0.0070203075052060904
2020-09-30,2020,9,17.616046,0.0015267147930647079,0.001387849430665836
2020-10-31,2020,10,17.868766,-0.006781756351855748,-0.006344505234859904
2020-11-30,2020,11,17.956067,0.0032219939980023594,0.0030205626045071614
2020-12-31,2020,12,18.068858,-0.0020770064258417856,-0.002022846037183495
2021-01-31,2021,1,18.30644,-0.005543760426838929,-0.005266745517138199
2021-02-28,2021,2,18.52256,-0.013979725381171907,-0.013230676489304236
2021-03-31,2021,3,18.590657,-0.009861910106501002,-0.00962446156747143
2021-04-30,2021,4,18.81026,0.005619159731669196,0.005497994417032698
2021-05-31,2021,5,18.777908,0.0015085422480150218,0.0014180359934986878
2021-06-30,2021,6,18.669788,0.0053577047356121316,0.0054894240899981805
2021-07-31,2021,7,18.861944,0.010328348615904474,0.010330206556871889
2021-08-31,2021,8,19.05142,-0.0015310466241433933,-0.00159775967672154
2021-09-30,2021,9,18.966135,-0.006046596349411491,-0.006186679137951008
2021-10-31,2021,10,19.061914,-0.0017107156643461356,-0.00148096735517964
2021-11-30,2021,11,19.452787,0.004755045114806714,0.004994021845606216
2021-12-31,2021,12,19.35973,-0.003923597965831673,-0.0038722587992010707
2022-01-31,2022,1,19.642686,-0.013232008413215878,-0.013107171960548407
2022-02-28,2022,2,20.176595,-0.004765732788281545,-0.004481700910899279
2022-03-31,2022,3,20.220345,-0.023156944719860996,-0.022957899068359933
2022-04-30,2022,4,20.346119,-0.02455389293968922,-0.02485484286429195
2022-05-31,2022,5,20.435582,0.00309481606774235,0.003050254087834998
2022-06-30,2022,6,20.265664,-0.008159974414032496,-0.008086215211437492
2022-07-31,2022,7,20.388772,0.013826786772443535,0.014218145230319017
2022-08-31,2022,8,20.541339,-0.020711080486939433,-0.02069531752888645
2022-09-30,2022,9,20.669137,-0.02674403889487305,-0.026699370124795955
2022-10-31,2022,10,20.793648,-0.009940514124639699,-0.009884829257979809
2022-11-30,2022,11,20.947719,0.024308567366676734,0.02433561834227283
2022-12-31,2022,12,20.955656,-0.00650198016525325,-0.006776269025586205
2023-01-31,2023,1,20.94818,0.021621184745841234,0.02160330220995058
2023-02-28,2023,2,21.247076,-0.017399692006656493,-0.016958164206910157
2023-03-31,2023,3,21.268594,0.025353814484107184,0.02478553280023007
2023-04-30,2023,4,21.365779,0.004134527453406228,0.004162495017258521
2023-05-31,2023,5,21.302955,-0.009186797240973214,-0.008911246664489687
2023-06-30,2023,6,21.201485,-0.004766003089781254,-0.00417237758165764
2023-07-31,2023,7,21.839502,-0.0013935778393337768,-0.0012790179412832225
2023-08-31,2023,8,22.237292,-0.0037546550582052323,-0.0033825747849148017
2023-09-30,2023,9,22.263084,-0.01712095044547866,-0.015952595820715013
2023-10-31,2023,10,22.778684,-0.010921615183813096,-0.010086475269475547
2023-11-30,2023,11,22.959323,0.0325208666826493,0.03074035849615475
2023-12-31,2023,12,23.017604,0.027958172207437768,0.02598547974775511
2024-01-31,2024,1,23.262016,0.0007897284490717523,0.0010140318206085298
2024-02-29,2024,2,23.373292,-0.011430333754859787,-0.010072457696125369
2024-03-31,2024,3,23.506395,0.005881450749437465,0.0057703576197730795
2024-04-30,2024,4,23.768157,-0.017386905841819022,-0.015811903630917033
2024-05-31,2024,5,23.620926,0.012192378305416607,0.01159997614124512
2024-06-30,2024,6,23.629648,0.008298079074177211,0.008024410368097923
2024-07-31,2024,7,23.88711,0.021034239638288647,0.01982364468288627
2024-08-31,2024,8,24.076745,0.01077561999673431,0.010137195599373424
2024-09-30,2024,9,24.240686,0.01014699982551282,0.009613083589537325
2024-10-31,2024,10,24.488777,-0.018730569609248026,-0.016736020698033167
2024-11-30,2024,11,24.537372,0.007937887193378684,0.007629742056125767
2024-12-31,2024,12,24.807002,-0.013414624641701655,-0.011986303456309551
