Year,Month,Stock_lag_MV,Stock_Excess_Vw_Ret,Bond_lag_MV,Bond_Excess_Vw_Ret
1926,1,,,,0.0038781921026277
1926,2,27.03234525,-0.036744013119147,0.019502,0.0010759817656675998
1926,3,26.1620836875,-0.0676529803959398,0.0195,0.0008051204416263001
1926,4,24.5069316875,0.033663412256611805,0.018736,0.0034143996111062995
1926,5,25.2961945625,0.0119069645630888,0.019227,0.0022867471555894003
1926,6,25.58730925,0.050997960768065405,0.019225,0.0002854407492747001
1926,7,26.937267125,0.0289937480958593,0.018808,-0.0009015098607805003
1926,8,27.40210725,0.0262876392738645,0.018783,-0.0011702387825489001
1926,9,28.42477375,0.0036212872563387,0.018707,-0.0013354113117864
1926,10,28.3081440625,-0.0322763560185666,0.018259,0.0031844008600919
1926,11,27.501095375,0.025092483840455003,0.018592,0.0035741148138974
1926,12,28.281302625,0.0261942507820593,0.018563,0.0047181507027544995
1927,1,29.6153465625,-0.0005639312900409998,0.018021,0.0012711597646172003
1927,2,29.7836953125,0.041699618192332,0.01823,0.0016033338897996998
1927,3,31.2178369375,0.0012815769682220004,0.01822,0.0018711359763226004
1927,4,31.1993801875,0.0045800094995396,0.016207,-0.0007779812380469002
1927,5,31.4528645625,0.054253438089690006,0.017976,0.0028846244104332006
1927,6,33.4696291875,-0.023363091906708,0.017921,-0.0028461677389395998
1927,7,32.7830694375,0.07218170237971781,0.017104,0.0013109773435707995
1927,8,35.015154,0.0194864522428132,0.017044,0.0025136093116581004
1927,9,35.7936298125,0.0475235257113269,0.017474,-0.0005818167112117002
1927,10,39.0527171875,-0.0428381398904789,0.016786,0.0029554736918628003
1927,11,37.2955410625,0.06512319178957579,0.0175,0.0024507655841749
1927,12,39.5120420625,0.0207774958854118,0.016743,0.0007745244886891
1928,1,40.8998140625,-0.005468677040484701,0.016829,-0.0012473220766677
1928,2,40.13160475,-0.0168563020806033,0.016476,0.00013379844587939988
1928,3,39.404019625,0.0877467509522529,0.016387,-0.0011265151012720999
1928,4,42.920254,0.042422979247520504,0.016433,-0.00266445616926
1928,5,44.7126545,0.015521735337171102,0.016916,-0.0066151327313511005
1928,6,45.6555234375,-0.0482452594912971,0.01684,-0.0004686758351489001
1928,7,43.6159299375,0.0062647275088865,0.016268,-0.0105464493798397
1928,8,44.21822125,0.0667630367270978,0.016508,0.0009181989425368995
1928,9,47.4066488125,0.0285887361016452,0.016736,-0.0023510897286371
1928,10,49.0101214375,0.012761428434993501,0.015735,0.0018888889032175997
1928,11,50.0237321875,0.1178906359851261,0.016248,-0.0016685099281015998
1928,12,56.214138,0.0007981111445131001,0.016231,-0.0035999079374184
1929,1,58.30129825,0.0465913810282239,0.015564,-0.0047010272454025
1929,2,61.8694943125,-0.0033243619769949,0.016393,-0.0049300893010077
1929,3,61.098821375,-0.0084238474687966,0.016378,-0.0079061525186106
1929,4,61.219707875,0.014251926928352098,0.015804,0.008782419108895299
1929,5,63.65531825,-0.0634540199393443,0.016255,-0.010173736284633
1929,6,60.690745125,0.0968913572688104,0.01623,0.0024870793348694
1929,7,66.68918675,0.0426235664546031,0.01559,-0.0011758020187029
1929,8,69.8191061875,0.0830876055720704,0.01589,-0.0005389858966540996
1929,9,77.2258605625,-0.0538270436128702,0.01587,-0.0032847175082140996
1929,10,74.380039625,-0.1986326184030283,0.015226,0.0092552425656201
1929,11,60.498277,-0.1258663403004635,0.015776,0.0146212591350988
1929,12,52.780124125,0.013242587792998799,0.015775,-0.00019130666272820004
1930,1,55.1519456875,0.0560508373462075,0.014931,-0.0029036094106587
1930,2,58.958882375,0.0250088553835205,0.015283,0.0045573165645519005
1930,3,60.3844981875,0.07092247050227049,0.015266,0.004934329036649401
1930,4,65.130697875,-0.020460252638720602,0.014804,-0.0011176461380086
1930,5,63.976755375,-0.0165792241875551,0.015248,0.0057543574109651
1930,6,63.577514625,-0.1608938204923479,0.015208,0.0047234772936546
1930,7,53.092836375,0.0411615306416444,0.014553,0.0017250382969685998
1930,8,56.5283838125,0.0033064887772601,0.014949,0.0013679734531043
1930,9,56.9002103125,-0.1262099998747318,0.014949,0.0051071628049939
1930,10,49.122272875,-0.0876017776480138,0.014566,0.0030380336218267
1930,11,45.1972208125,-0.0300589342694595,0.014897,0.0036142514823356998
1930,12,43.944824125,-0.0779976856459486,0.014892,-0.00029287163494599996
1931,1,40.6650426875,0.0632228619151901,0.014409,-0.0040126808371523
1931,2,43.2108174375,0.10868197510923909,0.014964,0.0050884786574001
1931,3,47.77992225,-0.06379983466762941,0.014837,0.0042015576695041005
1931,4,44.425506125,-0.0994912839084129,0.013941,0.0049409045592845
1931,5,39.9512925,-0.13232913514265518,0.015399,0.007382979308753501
1931,6,34.6528875,0.13908883142300368,0.015674,0.0016434823677810998
1931,7,39.240609625,-0.0661349119137331,0.015195,0.0014293643665318
1931,8,36.5597885,0.0040094103593675,0.015932,0.0019527091535288003
1931,9,36.420867,-0.2883590549230215,0.015954,-0.0172991273271614
1931,10,25.272456125,0.08037503936694931,0.015541,-0.0162085200796766
1931,11,27.250933375,-0.0905544067206354,0.016556,0.0003184169074637003
1931,12,24.6558755625,-0.1352303089430238,0.016432,-0.0211131500024003
1932,1,21.180783375,-0.0157963007005607,0.015633,-0.0079959237897984
1932,2,20.924459625,0.055295068406551504,0.016957,0.0213443751966596
1932,3,21.9276573125,-0.1116830468185112,0.016687,0.0060649399262952
1932,4,19.422130375,-0.17887079355912952,0.016599,0.023518945112892698
1932,5,15.844002625,-0.2036769648003363,0.017677,-0.0074881038470659
1932,6,12.4569914375,-0.0069906914515118,0.017535,0.0087322934286684
1932,7,12.1416759375,0.337277083302354,0.017878,0.0098496639273292
1932,8,16.218803,0.3706477433411739,0.018337,0.0042950249312597
1932,9,22.17120625,-0.0293395551293639,0.018259,0.0066415409425643
1932,10,21.3932218125,-0.1314899881565816,0.018445,0.0018495041109677002
1932,11,18.5162051875,-0.0585600408043888,0.019289,0.0029894339297991002
1932,12,17.3087053125,0.043921722525838106,0.019715,0.0086638432793168
1933,1,17.916415,0.012507492392552399,0.019324,0.004506227075087301
1933,2,18.159812875,-0.1524409306183104,0.019664,-0.0186979582105678
1933,3,15.290756,0.031163136782359702,0.019584,0.0071344991877706
1933,4,15.49791025,0.38782491637901634,0.019277,0.0032108529027423003
1933,5,21.6460833125,0.2140779344903715,0.020127,0.013459753792034899
1933,6,26.2360636875,0.13062338978070873,0.020147,0.0045078055398287
1933,7,29.5789865625,-0.09626597471520659,0.020438,0.000457567213381
1933,8,26.7554293125,0.120141258961309,0.021442,0.0050397216477992
1933,9,29.9474643125,-0.10611591632417809,0.020701,0.0009756828249613999
1933,10,26.55662625,-0.0835557455955648,0.021789,0.00042324722618360003
1933,11,24.3371249375,0.0995677735688705,0.021179,-0.0143445247958708
1933,12,26.7246236875,0.0182486462738265,0.021051,0.0023612532152372002
1934,1,27.1010315,0.1259496447456667,0.021708,0.010280670727330299
1934,2,30.4747449375,-0.024975397468382003,0.022584,0.008070219836548
1934,3,29.6685521875,0.0009208011341026999,0.023778,0.011687783438425199
1934,4,29.518294625,-0.017875800870936098,0.024489,0.0089658914301886
1934,5,29.0373636875,-0.07260995480542709,0.023652,0.0075384218918279
1934,6,26.83979525,0.0264127600951054,0.024717,0.004543596879336399
1934,7,27.4033025625,-0.1091819630341499,0.024391,0.0015420465321414
1934,8,24.3041525625,0.0557782005052783,0.025537,-0.0042309473829353
1934,9,26.020800875,-0.0022880789260488,0.025559,-0.008387442716084001
1934,10,25.7460248125,-0.0166535780575174,0.024667,0.0127977133766054
1934,11,25.426475625,0.0832481971999068,0.025638,0.0022707846242250996
1934,12,27.471503875,0.0035991680003015997,0.025822,0.007835490305803
1935,1,27.43000625,-0.0344415647061555,0.025657,0.0087381227057043
1935,2,26.4117835,-0.019503607472058797,0.026065,0.005376323520904999
1935,3,25.6590435625,-0.0363978309229725,0.026823,0.0025270377631177996
1935,4,24.443974625,0.09054591703266471,0.024603,0.0058038902432607
1935,5,26.93618875,0.034630736508723704,0.026786,-0.0019206558853075999
1935,6,27.787793875,0.0592395364781792,0.026486,0.0062394532384149
1935,7,29.309745375,0.07452862706613281,0.024588,0.0020182513486227
1935,8,31.398702125,0.0265146474770491,0.025359,-0.008193473948880401
1935,9,32.21058103498,0.0262260840042287,0.026079,-0.0024615046132340002
1935,10,32.9263895,0.0702553377729947,0.025267,0.0068358036441027
1935,11,35.1742940625,0.0487603365457876,0.025871,0.0012205640038274
1935,12,36.74561075,0.0455198602935913,0.026008,0.0056160167270564
1936,1,38.465574,0.0688179377366954,0.02635,0.0025527063308729003
1936,2,41.0574323125,0.024892613963881302,0.027237,0.006741886573397701
1936,3,42.07215725,0.009809128455099,0.027287,0.004731653153944099
1936,4,42.1703044375,-0.081378946480218,0.026642,0.0025142678307212
1936,5,39.1989476875,0.0519114170700003,0.028479,0.0027604670140328
1936,6,41.085238125,0.0239873664133046,0.028579,0.0006330704988592999
1936,7,42.0439861875,0.0666967766807119,0.027446,0.0028650355504318
1936,8,44.816549875,0.009884172601084701,0.029608,0.0060681258726536
1936,9,45.0778523125,0.0097672058911146,0.029507,0.00021285896883159998
1936,10,45.439882,0.0713974578890576,0.028943,0.00112137799024
1936,11,48.685277625,0.0326451226914488,0.029974,0.0134167753259851
1936,12,49.948025375,0.0021047046723171,0.029974,-0.00063832772033
1937,1,50.1017786875,0.0335493685235443,0.029209,-0.0032321033150898
1937,2,51.7911721875,0.010858270304643002,0.031149,0.0020167988503385996
1937,3,52.333432125,-0.0025594296132288,0.031227,-0.0232479313419665
1937,4,52.3050945625,-0.0736585041496633,0.030794,0.0016761096242194
1937,5,48.5112196875,-0.008343715072421001,0.030275,0.0069726924555535
1937,6,47.9266718125,-0.0420795998272877,0.031075,-0.0008464500525815
1937,7,45.90635625,0.0890906333191958,0.031375,0.0087378282406764
1937,8,49.88849375,-0.048604208660342305,0.032328,-0.0070559073005233
1937,9,47.37905875,-0.1361092427103276,0.032678,0.0054247393167963995
1937,10,40.8082494375,-0.0960753741903174,0.031311,0.0033031284344411
1937,11,36.9505845,-0.0830649882738323,0.032136,0.0056177336938483
1937,12,33.4295646875,-0.0422540255766828,0.032636,0.005778121297491601
1938,1,31.6879179375,0.0048778552521911,0.032075,0.0048421472367252
1938,2,32.076420625,0.058310110990171804,0.033032,0.0041766673058505
1938,3,33.7808285625,-0.2377291834866424,0.032982,-0.0027982505554422997
1938,4,25.575289125,0.14479134335415839,0.032177,0.0145260162269252
1938,5,29.2655125625,-0.038238557694495,0.032427,0.0042610445683675
1938,6,28.0864684375,0.2382276061589333,0.031977,0.003239664595644
1938,7,34.5660835,0.0733506651236373,0.030381,0.0021081367030862997
1938,8,37.0580565,-0.0267201391100019,0.031317,0.0006775151361104
1938,9,35.9512511875,0.0081065514219194,0.031469,0.00016850470246740002
1938,10,36.1044500625,0.07794485986834919,0.031287,0.0072245351061871
1938,11,38.868737,-0.017807869045539,0.032673,-0.0007269273340115
1938,12,37.98193925,0.0418869019274437,0.032172,0.0056494745046446
1939,1,39.25887375,-0.0593253726758081,0.031733,0.00424740218278
1939,2,36.7865743125,0.0350690307069296,0.034189,0.0057595803541121
1939,3,38.0511908125,-0.119798734204473,0.034191,0.0078904919395528
1939,4,33.330852375,-0.0018252560392479,0.033064,0.004962121424073
1939,5,33.2242265625,0.0680280236933468,0.033065,0.010091002321084099
1939,6,35.382961875,-0.0531064110987906,0.032961,-0.0028122966377381003
1939,7,33.3403686875,0.1022098060605298,0.032517,0.0064734773688534
1939,8,36.6103084375,-0.0667768996252737,0.033037,-0.0141497622252185
1939,9,34.0087021875,0.1687664813204105,0.032834,-0.0280082868526398
1939,10,39.6141111875,-0.0052815321352730005,0.033025,0.0255715241528983
1939,11,39.365692625,-0.0362241289231872,0.032923,0.0103978017799771
1939,12,37.61855125,0.030273774155042,0.032408,0.0086009384838594
1940,1,38.5463725625,-0.02403639567999,0.031862,-0.0003754615537148
1940,2,37.6801150625,0.014422958625813,0.033582,0.0021753540497866
1940,3,38.047270375,0.0204606166511573,0.033686,0.0102746153288211
1940,4,38.702589375,0.0023104549198347,0.03289,-0.0003072851617946
1940,5,38.72925078125,-0.219475972977031,0.033506,-0.021455723644848
1940,6,30.01979196875,0.0666915052002708,0.033508,0.0184846232488219
1940,7,31.86706946875,0.0317048841751865,0.033234,0.0017913126191328
1940,8,32.83327928125,0.021918748254744498,0.033411,0.0035457923487963
1940,9,33.32729090625,0.023903301906544,0.033991,0.0063478426177782
1940,10,34.0021864375,0.030371653935026402,0.034191,0.0041545169439514
1940,11,34.97532934375,-0.0161150456292147,0.033466,0.0110446779874534
1940,12,34.0967993125,0.007082817137513599,0.03409,0.0031804460675779
1941,1,34.19043598728,-0.0417054119476298,0.033981,-0.0109435822137378
1941,2,32.7459319731,-0.014299754728237999,0.034609,-0.0017262708138971001
1941,3,32.074849150940004,0.0084381585143696,0.034611,0.0043759312245766
1941,4,32.17683403125,-0.054555757080286205,0.033542,0.008290305902261099
1941,5,30.36804780473,0.0138508405822712,0.034622,0.0017077598477659
1941,6,30.55459153047,0.0582960898973887,0.035545,0.0047532201588497
1941,7,32.12886343177,0.0589167519444164,0.035036,0.0030401891936608
1941,8,33.98460229977999,-0.0017513773005996,0.035983,-0.0004016741964198
1941,9,33.746936209299996,-0.0087338978187012,0.036637,-0.0007592927494167
1941,10,33.30315021875,-0.052517873497120296,0.036336,0.0037410561412907
1941,11,31.51153319122,-0.0192262960057338,0.03665,-0.0021193679789079
1941,12,30.498279138,-0.048795607320312503,0.039465,-0.0114922955171502
1942,1,28.84516771875,0.007922861259584201,0.040151,0.0011791018339652
1942,2,29.02651527388,-0.0245952470210075,0.040555,-0.0017419366959201
1942,3,28.13702016817,-0.065775007282041,0.041469,0.0092293091522768
1942,4,26.112151020210003,-0.0437116046921252,0.042599,-0.0014990380516385
1942,5,24.92733316029,0.0594695312126386,0.042899,0.0035930795126906
1942,6,26.22998225422,0.0269391752459016,0.044407,2.483121999990003e-05
1942,7,26.74301504003,0.0351094215170377,0.045702,0.00042545442499949997
1942,8,27.61580966131,0.0179399150036524,0.049414,0.0010154970572380001
1942,9,27.95632556027,0.0260652288666404,0.053777,-3.53298920275e-05
1942,10,28.52444643065,0.0681148188581466,0.055249,0.0015680725880934
1942,11,30.410358492740002,0.0014804418611043002,0.059247,-0.0002524916471959273
1942,12,30.15598246875,0.0512192815232198,0.064147,0.0016821379621421001
1943,1,31.45796475,0.07128400251607879,0.063863,0.0028988116280794
1943,2,33.675546,0.0614800757992767,0.072968,0.0008274821080406
1943,3,35.607786125,0.0601574924951719,0.075782,0.00048293114943520003
1943,4,37.5677529375,0.0081366981344657,0.075717,0.0029866109855776
1943,5,37.8202465665,0.0573023949696463,0.07542,0.004331049875449199
1943,6,39.7972028125,0.0181831022023352,0.076976,0.0026389857474207997
1943,7,40.3369620625,-0.0476828098456249,0.091259,-6.671420973440004e-05
1943,8,38.815032875,0.013161571229767,0.090155,0.00020631631434460005
1943,9,39.2236300625,0.023976709208618698,0.09489,0.0012839386502829
1943,10,39.97831653525,-0.0114626873354263,0.094698,0.000692435150138
1943,11,39.597531004000004,-0.0590761162945561,0.092288,8.521104639320001e-05
1943,12,36.97108973765,0.063347526923319,0.103445,0.0011349033609472001
1944,1,38.93493515625,0.017371309592077597,0.111072,0.0010805885215963
1944,2,39.7921186875,0.0036873055968970996,0.108868,0.0024374394826840997
1944,3,39.7686007064,0.0246767720765978,0.11002,0.0009230602880862
1944,4,40.55929309375,-0.0168674803096794,0.117864,0.0011598023040841
1944,5,39.847837625,0.050531164836755,0.124523,0.0012603218594158
1944,6,41.60214448727999,0.0549300082350537,0.125154,0.0010505414765991
1944,7,43.71735490625,-0.0148804204144157,0.124376,0.0018628067952541998
1944,8,43.07214075,0.0157123724383361,0.122612,0.0020194368763945
1944,9,43.5675351875,8.46931683492e-05,0.132525,8.552667459290001e-05
1944,10,43.4491121875,0.0015681985660149,0.139737,0.0006302839524521999
1944,11,43.4764661875,0.0171741869062009,0.138511,0.0011842492261354
1944,12,43.84755453125,0.0402694654258344,0.13643,0.0021039847516005
1945,1,45.89114925,0.0201267375996581,0.139255,0.0057859340999319
1945,2,46.8856723125,0.062262839168209495,0.142135,0.0032933089741501
1945,3,49.6099746875,-0.0389364657499403,0.155025,0.0010884284964960001
1945,4,47.50467425,0.07783727440428001,0.152373,0.0030607164753933998
1945,5,51.192427375,0.0173477326271381,0.155683,0.0006294888756834
1945,6,52.024599625,0.0038680066276675002,0.151192,0.0034271499984039
1945,7,52.080792,-0.0217006022409819,0.157413,-0.0004510963499823
1945,8,50.942657625,0.062069765139384205,0.156086,8.598256994949997e-05
1945,9,53.91595075,0.0476497821565042,0.174278,0.0013102815618673
1945,10,56.3296709375,0.038901785420154905,0.173926,0.0026825675360706
1945,11,58.5518480625,0.053883379031321905,0.173032,0.0025107967285315997
1945,12,61.3930858125,0.0119403538944367,0.172943,0.0036536918782274002
1946,1,62.872310375,0.0624025286634388,0.169625,0.008068538985713601
1946,2,67.1684056875,-0.0582378657784614,0.189266,0.0046423998583238
1946,3,63.133127,0.058717815339631406,0.194229,0.0009151543049227
1946,4,66.78105,0.042247806630831206,0.191451,-0.007208468249540001
1946,5,69.67721775,0.0393372772700344,0.186558,0.001999634256244
1946,6,72.520516,-0.038878584732005304,0.18308,0.0025238299909956
1946,7,69.5649176875,-0.0269183018429126,0.178884,-0.0024879299466911997
1946,8,68.0130586875,-0.0644134264348071,0.178207,-0.0010171397873016
1946,9,63.4832204375,-0.1016072826100375,0.180739,-0.0019447818789387998
1946,10,56.8872265625,-0.0143540447623256,0.175309,0.0035396877289949
1946,11,56.0167491875,-0.0001711607004458,0.171642,-0.0021847337582391
1946,12,55.6622249375,0.049597570512867506,0.170937,0.0051846002635736
1947,1,58.4468459375,0.0125131559162385,0.16633,0.0017891152338671
1947,2,59.255154,-0.0107765763151252,0.165858,0.0017046256328148999
1947,3,58.2947325,-0.0167198744897738,0.166675,0.0021291743002852
1947,4,57.2580893125,-0.0479818176602871,0.164017,-0.0003491991268062688
1947,5,54.4851430625,-0.009749418908860299,0.164018,0.0012879313638205002
1947,6,53.6468889375,0.0528657412443137,0.161943,-0.0011801380963991
1947,7,56.400118125,0.0413312627520372,0.160208,0.0009680962138865
1947,8,58.7444916875,-0.017419771998503697,0.160997,0.0029326860029264
1947,9,57.644373,-0.0050037265341384,0.161098,-0.0001470190798239
1947,10,57.1957254375,0.0247744095132034,0.155958,-0.0050177296910234
1947,11,58.53388525,-0.019693021910702702,0.160569,-0.0033057962318895004
1947,12,57.0220866875,0.0299730729019828,0.160549,-0.0050921028113565005
1948,1,58.7804838125,-0.039270864595378,0.156371,0.000694541429414
1948,2,56.6126384375,-0.043705012813667,0.160463,0.0014410057055613
1948,3,53.80198625,0.0807034068130593,0.157312,0.0016917620425371998
1948,4,57.9214348125,0.0364310911615473,0.156211,0.0009962598196042
1948,5,60.0961548125,0.07313202564209391,0.158471,0.004525350615967601
1948,6,64.216384625,-0.0009650135902095689,0.156905,-0.0030176659095973004
1948,7,63.9128983125,-0.0506915452903685,0.150573,-0.0006168508389401001
1948,8,60.6585881875,0.0024029850409268997,0.157554,9.01421102458001e-05
1948,9,60.4946930625,-0.030179339450262403,0.156257,0.0002759628711766
1948,10,58.445605875,0.0596191557117327,0.145429,0.0006756651177192999
1948,11,61.78608425,-0.0935858519525333,0.155938,0.0018399339897628001
1948,12,55.4561828125,0.032083541314928306,0.155146,0.0022433927173673
1949,1,57.108092,0.0023071730699662997,0.14855,0.002277025565623
1949,2,57.286909875,-0.0292517982955198,0.152881,0.0014639151520594
1949,3,55.403732625,0.0403838429962089,0.151574,0.0014161709164322999
1949,4,57.399738,-0.0186506768171757,0.151836,0.00042462270533709997
1949,5,56.330133625,-0.0295732284485094,0.153607,0.0007867022157102999
1949,6,54.4247301875,0.000987574009528,0.148602,0.0054331882270805
1949,7,54.1661530625,0.055405441466645104,0.147515,0.0025903031807036
1949,8,57.2607111875,0.0260247153743513,0.153121,0.0030450942613082
1949,9,58.4005956875,0.030914246665382002,0.152417,0.0005161526594021
1949,10,60.300326375,0.0314236042877678,0.145979,0.0006297129214195001
1949,11,62.1146866875,0.018244046102062803,0.153524,0.0010512293168337
1949,12,62.528556625,0.051238973919013,0.152124,0.0023674714821471
1950,1,65.9767520625,0.016978792156811702,0.142831,-0.0029291354557621
1950,2,67.23158675,0.0147387181118813,0.150044,-0.0007638533507884
1950,3,67.8784065,0.012666396036257301,0.14573,-0.0012675223207563998
1950,4,68.7800876875,0.0394151791017871,0.144216,-0.0011769188219686
1950,5,71.4464325625,0.0430254445668294,0.150557,0.00024762541585739996
1950,6,74.2130253125,-0.0592595748251394,0.144434,-0.0015272762775415
1950,7,69.538311875,0.0136255375374028,0.145459,0.0010360681227899998
1950,8,70.55975075,0.0485314199485409,0.151015,7.70203695137999e-05
1950,9,73.3990479375,0.0480396080187295,0.149516,-0.0021988713397903
1950,10,76.7774880625,-0.0018382544757119,0.137347,-0.0013472993637333
1950,11,76.71382825,0.0275686955895252,0.147532,0.0002641221780276999
1950,12,77.6328503125,0.0554012920312698,0.148231,0.0001349321064405
1951,1,82.7571788125,0.0569783367228804,0.140525,0.0010954970691176
1951,2,87.5830555,0.0140968793848243,0.146374,-0.0007757465572499
1951,3,88.5088003125,-0.021514947167971702,0.14708,-0.0089082218351723
1951,4,86.70183075,0.0486206970593214,0.149386,-0.0036555053131154
1951,5,91.0108975625,-0.023353922164867702,0.135907,-0.0014957964913276
1951,6,88.431762125,-0.0262139387246703,0.132396,0.0004983762199700001
1951,7,86.2859495625,0.06939471190059661,0.123725,0.0033053275402076
1951,8,92.29327475,0.0427923887189589,0.126896,0.0052316536908771
1951,9,95.5830295,0.007002318364800501,0.134814,-0.0043310324969034995
1951,10,96.0159596875,-0.0252438269835458,0.132841,-0.0001235419693501
1951,11,93.575391875,0.0056616540776228,0.122668,-0.0016330741794846
1951,12,93.51134125,0.0332231952491431,0.136583,-0.0027296023700454997
1952,1,98.1184521875,0.014592205936373798,0.135612,0.0027320771844936004
1952,2,99.66771995401,-0.0262481632597605,0.137678,-0.0003018283312228999
1952,3,96.48305803125,0.0443777054666197,0.136777,0.0038408573885969
1952,4,100.74922825,-0.0497449928342583,0.135888,0.0053346926172302
1952,5,95.754728125,0.0319574743195683,0.13451,-0.00030929699377909995
1952,6,98.321991,0.038291804420937596,0.137101,-0.00172370479084
1952,7,101.947426875,0.009081237449194299,0.131342,-0.0020245906765974
1952,8,102.946461125,-0.007637460368307401,0.137379,-0.0028545305722654
1952,9,101.5376689375,-0.020296700999451,0.136414,-0.003946879418962599
1952,10,99.48954,-0.0064864527488945,0.126825,0.0045607368097818
1952,11,98.712928875,0.059393865211691696,0.13777,-0.00034627330158740004
1952,12,103.778592125,0.029164707025889698,0.141082,-0.0017956690819986635
1953,1,108.4916393125,-0.0033950530902434996,0.142376,-0.0002347183354983
1953,2,108.240862375,-0.0027220944678618,0.142773,-0.0031190211580174
1953,3,107.3800158125,-0.0143374752224173,0.134213,-0.0023926056493792
1953,4,105.5943655,-0.028282702448759,0.139747,-0.0057340404633199
1953,5,102.83326825,0.0052024492077391,0.140196,-0.0077054769682424005
1953,6,103.00480225,-0.018863893671009,0.137281,0.0084702913203772
1953,7,100.893660625,0.0240616260965049,0.139322,0.0026881747585230003
1953,8,103.312428,-0.0451474932429922,0.141752,0.00020228253710290016
1953,9,98.0692633125,0.0021621413294406,0.144811,0.0111340234370857
1953,10,98.0316000625,0.0459465652024611,0.13744,0.0035450604333834997
1953,11,102.4106351875,0.028251716986590802,0.14676,-0.0009683094051967999
1953,12,104.5707885625,0.000530672553927,0.138106,0.0073927618828429995
1954,1,106.091582625,0.0513214227460789,0.147026,0.0056370832140065
1954,2,111.5579445,0.016690086128904,0.148552,0.0056291926631128995
1954,3,112.7018685625,0.0365279344096078,0.130405,0.0028544533700826
1954,4,116.449926375,0.0427442982603053,0.141172,0.0048091774787965
1954,5,121.567377125,0.030929176649784198,0.144015,-0.0062629863007594
1954,6,124.572562375,0.0107599035609922,0.138094,0.0062421544143576
1954,7,125.588052,0.0499316648608644,0.142785,0.0016696581098922
1954,8,131.80732875,-0.0234089427118202,0.144283,-0.0017507939567104
1954,9,127.8228925625,0.0639423041222583,0.139101,-0.0007241116589642
1954,10,135.768626625,-0.016711847192259,0.147906,-0.0009418988718717
1954,11,133.3579721875,0.0937550080510644,0.152092,-0.0014999859453055
1954,12,144.628012375,0.0549198829078948,0.150596,-0.0004490542673875
1955,1,156.4815803125,0.006044758220754,0.139674,-0.0047920166934087
1955,2,157.3414233125,0.0301679282261515,0.151795,-0.0045648047234216
1955,3,161.7177756875,-0.0014784808674244,0.137521,0.0017212857699871
1955,4,161.0525984375,0.0310763977010449,0.14578,-0.0016833648574401
1955,5,166.156992375,0.009329880301865599,0.150513,0.0021139512491871997
1955,6,166.8187538125,0.0656527147775978,0.145158,-0.0035829648423232998
1955,7,177.7401579375,0.0189083507394799,0.149167,-0.0062869038965722
1955,8,181.1469928125,0.0021018560988052,0.149955,0.00038583850402749997
1955,9,181.0385791875,-0.0036521835230736,0.150943,0.0044741921526458995
1955,10,180.075604875,-0.0266868187326927,0.153054,0.0032236433330288
1955,11,175.124542,0.0703167843304901,0.153108,-0.0045484548024049
1955,12,186.5247275,0.0148637404800065,0.15454,-0.0011707550889233
1956,1,193.190048375,-0.030409748381115598,0.155329,0.005333334397098
1956,2,187.54796075,0.0377615554138673,0.155318,-0.0010546153923222
1956,3,194.14053275,0.0663642791554778,0.156929,-0.0084679879609241
1956,4,207.597047875,0.0028068191192733996,0.145868,-0.0030069492601446
1956,5,208.3806863125,-0.051948644025521094,0.153142,0.0076085039293663
1956,6,196.9655160625,0.0347512499300559,0.151587,-0.0002455919953088001
1956,7,203.4635065,0.048878563995348796,0.148731,-0.0088902054829069
1956,8,213.571234,-0.0318123502987292,0.134912,-0.0077293023523019
1956,9,205.909271875,-0.0513624753644328,0.147697,0.0021558281721433
1956,10,195.9106924375,0.0051729143233905,0.149911,-0.002343918923633
1956,11,196.86653225,0.0036175151943906,0.148353,-0.003950212331245
1956,12,196.529821375,0.0315031252544157,0.142543,-0.0050406511688515
1957,1,206.75279925,-0.0356478239639961,0.151344,0.0139976793158715
1957,2,199.8692029375,-0.020642296634029597,0.152407,-0.0038308514468631
1957,3,195.5641149375,0.0212650145542508,0.14401,0.0010926036760666
1957,4,199.7753344375,0.042389804327460305,0.1531,-0.0060331475091491005
1957,5,208.9508879375,0.034467475825349,0.151842,-0.0044252615082447
1957,6,216.16855525,-0.007441324522404699,0.148798,-0.0078734058074804
1957,7,214.59953775,0.0066166612011887005,0.148846,0.0001679638952646
1957,8,216.85953025,-0.0511187089958912,0.138517,0.0022840373621161995
1957,9,205.4058585625,-0.0597826792232423,0.151166,-0.0024008960340037
1957,10,193.0599659375,-0.042852694387156304,0.15246,0.0009232220797254003
1957,11,185.191017125,0.0229843682260689,0.154013,0.0244651239497311
1957,12,189.2079115,-0.0390457867512335,0.145249,0.0109623941944065
1958,1,184.408799375,0.0470697490085958,0.155509,0.0023840628368762
1958,2,192.8328480625,-0.0151896162599381,0.154376,0.0078809413255305
1958,3,188.853085,0.0327311570612048,0.142004,0.0043157575281863
1958,4,195.2202641875,0.030840182740991796,0.154237,0.0039255007673767005
1958,5,201.32611325,0.0231125478942238,0.153366,0.0029734054755027996
1958,6,204.9898514375,0.029264180212924002,0.158948,-0.0067199400747592
1958,7,210.3248226875,0.0439383995687892,0.149527,-0.0071791342187097
1958,8,219.06871975,0.019033160638814498,0.146277,-0.0247268206128262
1958,9,222.1902775,0.046641069841293105,0.158497,-0.0024478911420879
1958,10,232.19509775,0.0256776437384219,0.158621,0.001398368229473
1958,11,238.082889375,0.0300632146377665,0.163628,0.006131706038083
1958,12,244.707829125,0.0515244479230691,0.155316,-0.0075119671434967
1959,1,263.460049875,0.007131743203322401,0.165858,-0.0028258010558778997
1959,2,266.351456125,0.0094710860007239,0.168674,0.0053668669336688
1959,3,268.1903008125,0.0028208342650092003,0.157857,-0.0040066796461500995
1959,4,268.7184104375,0.036616127458571304,0.172687,-0.005803673569910199
1959,5,279.109147,0.0172875915800828,0.178075,-0.0012315980309027
1959,6,283.8020374375,-0.002535599323861792,0.172638,-0.0027691346160543
1959,7,283.28700875,0.0320958159493534,0.175618,0.0014160138858308
1959,8,292.7519663125,-0.0138591885153096,0.16246,-0.0065918121455548
1959,9,288.06882375,-0.0478704785359333,0.18282,-0.0003509029815994
1959,10,274.5763715,0.0128083749586103,0.180937,0.0068441183323644
1959,11,278.8126148125,0.0159863364372316,0.181886,-0.0041970844140783
1959,12,282.6962778125,0.0253454802438519,0.175284,-0.0056392357233537
1960,1,294.435260875,-0.0698062414501333,0.185999,0.0069638731826458
1960,2,274.6403815,0.011686495507537201,0.186872,0.0034626539405032
1960,3,277.964586125,-0.0161163748880622,0.175442,0.0167731229278756
1960,4,273.8447715625,-0.0170555484881856,0.183374,-0.005952728606452001
1960,5,269.6010668125,0.0312162484987041,0.1807,0.0033540592614227996
1960,6,277.75824625,0.0212485306517957,0.179722,0.0118718561369159
1960,7,283.770244875,-0.0236444778456165,0.177607,0.014874689402989002
1960,8,277.4905660625,0.030083661185639196,0.180079,-0.0016237939724851242
1960,9,284.9227579375,-0.0599048771405786,0.17504,0.0010552093415074001
1960,10,268.2575578125,-0.0070639213305149,0.182611,-0.0010328660372131999
1960,11,266.6235194375,0.0469643710995478,0.183646,-0.0051050160380561
1960,12,277.9174534375,0.0471097594596352,0.17633,0.0125940003185644
1961,1,294.8866295625,0.0619452903635897,0.187,-0.0048320062065915
1961,2,313.6025300625,0.0354489622125774,0.18541,0.0042458693101547
1961,3,323.9882046875,0.028877055026553,0.180322,3.955765619699948e-06
1961,4,334.79345475,0.0028978056676094996,0.183427,0.0034001703060760995
1961,5,336.4813049375,0.024043943495437398,0.184355,-0.0012764576554186
1961,6,343.95165075,-0.0307177457651266,0.178144,-0.0040006145432966
1961,7,333.417669625,0.0283179263775603,0.184731,0.00037043023767529973
1961,8,344.5957078125,0.025798687068885,0.174038,-0.001297232466386422
1961,9,352.5663476875,-0.021459013028815,0.187044,0.0036570655644273995
1961,10,345.361608625,0.025697851327365,0.186994,0.0015472515819795
1961,11,355.030186125,0.044428629312605605,0.190247,-0.0013068160796122
1961,12,369.6879894375,-0.0017371903757008,0.188559,-0.0015630060945348
1962,1,372.023428625,-0.038680729744192406,0.193557,-0.0004965791915373999
1962,2,358.8773964375,0.018100736720420698,0.189241,0.0047076262547181
1962,3,365.88872875,-0.0068098265959644,0.181022,0.006101554960355599
1962,4,363.3186880625,-0.0658613723146631,0.185947,0.0027788500617941
1962,5,340.1502250625,-0.08634883952422731,0.189176,-0.0005068876760299999
1962,6,310.0515091875,-0.08471167076303199,0.180778,-0.0040112774532424
1962,7,282.830188125,0.0626265511042868,0.18977,-0.0015412553080579997
1962,8,323.58815475,0.021429181194963197,0.187929,0.0059509204574987005
1962,9,329.5631871875,-0.052150678995210795,0.185096,0.0020503339645991997
1962,10,312.67477346875,-0.0005048708157860001,0.184367,0.0025196006461335996
1962,11,312.62498365625,0.10852210664671491,0.1928,0.0005255763882003003
1962,12,344.94307221875,0.0099309254195611,0.185815,0.00037200348400500023
1963,1,350.0994860625,0.04932901985782,0.195766,-9.693358472209973e-05
1963,2,367.9336263125,-0.0238442423373734,0.194686,-0.00032836580089899985
1963,3,358.43411521875,0.030795620499906202,0.191837,-0.00012840615747939993
1963,4,369.949010375,0.044961448886724,0.192613,-0.0008298195930492001
1963,5,387.755625125,0.0175527198122745,0.193289,-0.0004963103081937999
1963,6,393.624210375,-0.0200197703006022,0.193135,-0.00037359982150120025
1963,7,386.35461540625,-0.0040126652965531,0.196331,-0.0011033757866461
1963,8,385.32347640625,0.0506929249008011,0.194122,-0.0005664114405279001
1963,9,404.38391690625,-0.015568535675365,0.191565,-0.00029935645277589986
1963,10,398.71641190625,0.0253786504876597,0.193017,-0.0021315161356038003
1963,11,409.29862771875,-0.0084764764937264,0.196059,0.00015126070090310017
1963,12,402.8293859375,0.0180250976387045,0.191403,-0.0017477874754476999
1964,1,412.88114278125,0.0224708616515977,0.197994,0.0008447924661382999
1964,2,425.45135590625,0.015419687791871101,0.199915,-0.0013812642119585
1964,3,432.4916441875,0.013898669794406798,0.196834,-0.0018417550592668
1964,4,439.57174196875,0.0010528742731825999,0.199891,0.0019456452186845997
1964,5,442.99596234375,0.0141620869975091,0.200663,0.00236224179241
1964,6,448.67442053125,0.012536125417375699,0.191902,0.0022455910325845
1964,7,454.95100275,0.0175861774213835,0.199368,0.0004097605757112997
1964,8,464.57063878125,-0.0143536553160488,0.195398,-0.0007929839663085004
1964,9,456.98820375,0.0270329372422519,0.196636,0.0007102631064203999
1964,10,470.42605065625,0.0059061427264212995,0.19937,0.00023417849643389988
1964,11,473.81104228125,-4.6177507006799935e-05,0.203034,-0.0017997464092789001
1964,12,470.2990271875,0.0004010862792970999,0.194972,0.0015802689655405
1965,1,475.825626125,0.0353130414340646,0.204964,0.0007995056585753998
1965,2,493.8596408125,0.004237173792511701,0.200799,-0.0015742138853407
1965,3,495.4516780625,-0.0132908060076086,0.206487,0.0009149747040127997
1965,4,491.1381385625,0.0310501374237831,0.203698,0.00022231445861109998
1965,5,507.87566015625,-0.0079178583676637,0.206434,-0.0004987363999874
1965,6,504.359970125,-0.054864321616693704,0.205942,0.001273710609541
1965,7,477.5042484375,0.0142371245282341,0.200685,-0.0008873736311434
1965,8,485.2380475,0.0272759203185476,0.202653,-0.0026495387105963998
1965,9,497.80483925,0.0285932723756167,0.195044,-0.0033785508302265
1965,10,512.88180653125,0.0257132135283646,0.203058,-0.0011201942671552
1965,11,527.7612865,-7.226076884650013e-05,0.201985,-0.0015707815030609003
1965,12,525.761402,0.0102926712695943,0.197028,-0.0078801599986175
1966,1,537.05263684375,0.0072999274619378,0.209967,-0.0015551006440622998
1966,2,542.78220409375,-0.0120578620209931,0.210364,-0.007720817831176301
1966,3,535.7208469375,-0.025086950497597498,0.202778,0.0092234293092712
1966,4,523.353965875,0.0211644793710562,0.208359,-0.0022921149511019
1966,5,535.49918975,-0.0565515605920421,0.209248,-0.0027064965961874996
1966,6,506.0255385,-0.0142971044462867,0.197796,-0.003080646229718
1966,7,500.2183159375,-0.0165478840860769,0.203599,-0.0030388892321095004
1966,8,493.49957884375,-0.0790758653915343,0.203575,-0.009444918838453501
1966,9,454.28454803125,-0.0104475110898066,0.190418,0.0089367925001511
1966,10,450.18952678125,0.0386218574704502,0.20598,0.004042990995479701
1966,11,469.00637871875,0.0140335134913129,0.207827,-0.0030346448956651995
1966,12,474.63923375,0.0017367657742534998,0.204,0.0137859546872836
1967,1,481.2297309375,0.081853512714047,0.209605,0.0058884655438068995
1967,2,522.1240676875,0.0076187048061388,0.211731,-0.006209981521193999
1967,3,526.6043271875,0.040141991305842596,0.205591,0.0085753515439928
1967,4,548.461964625,0.0387998844183462,0.216687,-0.0070484105324095
1967,5,571.4994476875,-0.0428106691762708,0.213996,-6.779754993909998e-05
1967,6,544.612145875,0.0242030223893667,0.200426,-0.012744683918122699
1967,7,558.5951999375,0.0457475724807859,0.205201,0.0043032313455072
1967,8,584.1103373125,-0.0090366894642019,0.205496,-0.0037509512147533997
1967,9,578.0271731875,0.031032866825458104,0.200369,-0.0007754224881975002
1967,10,596.47012975,-0.0304759188372072,0.212312,-0.0084020629114483
1967,11,578.7427679375,0.0037522821583457,0.212352,-0.0017025975846092002
1967,12,580.0414543125,0.030277869003667704,0.20935,0.0012793246248676
1968,1,611.0292200625,-0.0401744028004388,0.22072,0.0084961838419448
1968,2,586.705363,-0.037380540853318496,0.221435,-0.0012058753058115002
1968,3,563.847111875,0.0019710670094612,0.218503,-0.005279017005958399
1968,4,567.242257625,0.0902907742640103,0.225681,-0.0003335923036550002
1968,5,618.285765375,0.022555893330089703,0.220634,-0.00045149425064319997
1968,6,633.0249145,0.0068163020715394,0.215954,0.0057247172217229
1968,7,639.6570548125,-0.026829213929286198,0.220396,0.0078331669028593
1968,8,623.750315625,0.0132684524936841,0.218667,-0.0007107284147167998
1968,9,634.47772475,0.0405629499095305,0.216684,-0.0016966078012316003
1968,10,661.52673425,0.0042749957554804995,0.227743,-0.0035375102907835004
1968,11,665.7788769375,0.054019629016566796,0.226805,-0.0047739597507876
1968,12,703.919010625,-0.0392363318870345,0.222241,-0.012458804129708099
1969,1,697.3520861875,-0.0122507979954249,0.228493,-0.0006010271910484996
1969,2,692.2234000625,-0.0584221256011672,0.234035,-0.0039792205116758
1969,3,653.536343875,0.0264249997458556,0.218015,-4.224292710369986e-05
1969,4,673.3207153125,0.015048578326399203,0.216974,0.005601679239211001
1969,5,688.9104828125,-0.0012122512312653004,0.22366,-0.011238900776178399
1969,6,687.71141025,-0.0719046703229082,0.220368,-0.0049162483983069
1969,7,641.12993096875,-0.0703285592983766,0.219104,0.00026275940828089997
1969,8,600.688235125,0.045890134963918,0.218557,-0.0037977864538413
1969,9,630.7133921875,-0.029381232763156802,0.219066,-0.0176411809675925
1969,10,614.9533020625,0.0508061927110265,0.214339,0.0139840292534585
1969,11,649.7637395,-0.0382357202277897,0.216715,-0.0078382974360115
1969,12,626.2256890625,-0.0257257247950094,0.23114,-0.0103413542515615
1970,1,623.2889649375,-0.0806046752139982,0.226669,0.0012787136422753006
1970,2,576.0367420625,0.0512079286561019,0.22953,0.020240510263762203
1970,3,608.663780125,-0.010396236412705099,0.223134,0.00048419593945739966
1970,4,605.09509025,-0.110205163554933,0.225323,-0.0144562953989817
1970,5,540.25247825,-0.0694732277927623,0.22713,-0.0026618154518446998
1970,6,503.042477125,-0.057616884041447304,0.218682,0.007676070080708701
1970,7,476.1899611875,0.0694943447726204,0.222753,0.0074109328678725
1970,8,514.084827625,0.04510121098766259,0.226195,0.0005595726318564
1970,9,537.451282625,0.042156002706668194,0.224823,0.007622727488619899
1970,10,562.692307375,-0.0231083112671511,0.228989,0.0017554563880490997
1970,11,551.5724885625,0.0460510484478309,0.232231,0.0226262470926584
1970,12,577.6594714375,0.0577266558238917,0.230765,-0.00040825860291489975
1971,1,621.4124526875,0.0483754472601253,0.23857,0.011019546946313699
1971,2,653.3299945,0.0139645485986808,0.238619,0.005266256566577801
1971,3,661.8060110625,0.0413141322966264,0.224593,0.0104594885162242
1971,4,691.390984625,0.031515683754914196,0.23559,-0.0164317601056685
1971,5,714.74612,-0.0400367236027634,0.234952,-0.0028417633455296
1971,6,686.714435,-0.0006813269437662001,0.228762,-0.011871743861451399
1971,7,686.4871884375,-0.045177312257891095,0.227757,-0.0007962174820334996
1971,8,659.09713175,0.0381106591963562,0.235676,0.0195863811948395
1971,9,685.262597,-0.0084627826647876,0.231241,0.0029705538551327002
1971,10,681.7762958125,-0.0443819087380301,0.24072,0.0073688891979733
1971,11,653.5262684375,-0.0043948177585339,0.241819,-0.0008721898414218998
1971,12,651.0876520625,0.08749891054000179,0.229191,0.0053750027364601
1972,1,724.4393013125,0.0248580325786081,0.251132,-0.0021253257026375002
1972,2,744.6558498125,0.028484729720477497,0.254037,0.0032546758690777
1972,3,766.0070515625,0.006397926865124399,0.244052,-0.0064356727671096
1972,4,772.4383576875,0.0027703397721273,0.253832,0.0054848622400047
1972,5,777.506418125,0.012610146769684,0.248814,0.0044491153775638
1972,6,786.3038613125,-0.0241684054836199,0.243053,-0.0041659381797911
1972,7,769.579292,-0.0079418608306739,0.248342,0.0041898872220893
1972,8,765.748203125,0.032473041391590504,0.249061,-0.003066791601019706
1972,9,791.6766410625,-0.0114946382978741,0.235173,-0.0008005294855467
1972,10,785.8715383125,0.0052626334971299996,0.248561,0.0023177140312179005
1972,11,792.691406375,0.0458924552027219,0.243674,0.003552641556319
1972,12,829.2115543125,0.005725817716580299,0.253983,-0.0040409999624272
1973,1,978.230261375,-0.0328784006343656,0.253362,-0.0060053372978121
1973,2,950.5508554375,-0.0485376652612495,0.254852,-0.004083088711851
1973,3,904.678930125,-0.013461761372775199,0.250937,-0.0027246898549883
1973,4,895.70509671875,-0.0565572644359011,0.258812,0.002928746396914899
1973,5,848.7555505625,-0.029488749055025902,0.25443,-0.0020767178091024
1973,6,824.042080375,-0.015879836681925698,0.244819,-0.0039755699570663
1973,7,813.87129715625,0.050281821942843904,0.251796,-0.0176397460732526
1973,8,858.50625171875,-0.0380514087824353,0.25023,0.0099495937254757
1973,9,827.490166875,0.047539878624546804,0.246679,0.0128225463957007
1973,10,872.34845778125,-0.0086222581451178,0.251034,-0.00035433004675739996
1973,11,870.38147871875,-0.127459616451441,0.251186,-0.0004497119104063998
1973,12,759.11923959375,0.006768934584387799,0.250222,-0.0036217577370227
1974,1,766.086819625,-0.0016227728836705002,0.259109,-0.0009775586220859
1974,2,768.02462825,-0.0046829805421462,0.25724,-0.0022441837192184004
1974,3,764.386271375,-0.0282347756954463,0.25605,-0.0135615733656424
1974,4,745.86674021875,-0.0533026421940848,0.264394,-0.0088587738058372
1974,5,710.60919496875,-0.046576064559956595,0.255438,0.0043287397875589
1974,6,678.8463710625,-0.0291349053238893,0.250761,-0.0030626891351655
1974,7,661.65322453125,-0.0801552803870829,0.254416,-0.0027501178044660995
1974,8,611.67495659375,-0.0933480874866095,0.253973,-0.0051082769733233
1974,9,553.2462289375,-0.1175781044038158,0.247484,0.010452507154388998
1974,10,491.18148803125,0.1607176867312615,0.25751,0.0044644728723868005
1974,11,571.139683625,-0.0447697928979965,0.259952,0.007552553630919
1974,12,546.5076826875,-0.0344716571640883,0.25717,0.0039936223058458006
1975,1,531.8759995,0.1370140817499339,0.265152,0.0063578144334486995
1975,2,606.987905375,0.0555577887821022,0.269047,0.0049289500295855
1975,3,640.2962680625,0.0266866524799333,0.269118,-0.0041331943873064
1975,4,664.012748125,0.0421437321625421,0.280193,-0.0075950209113552995
1975,5,695.19279621875,0.0513870919597168,0.283467,0.010036006665785399
1975,6,731.61522378125,0.0485363546393342,0.284999,-0.0006862885530113006
1975,7,769.09694909375,-0.0658513777390177,0.297643,-0.0032268746255725003
1975,8,721.10156146875,-0.028479114875187,0.303675,-0.0006329278523988999
1975,9,700.27766640625,-0.0429057027190074,0.30509,-0.0061583069728846
1975,10,672.8688308125,0.0533478089328987,0.313151,0.014646462533103399
1975,11,710.2828500625,0.026404140414311102,0.32427,-0.0021420898144565996
1975,12,729.06389196875,-0.0162673296582071,0.336226,0.0075769886128939
1976,1,719.9938613125,0.12166366708324529,0.338486,0.0045069030397162
1976,2,809.76370775,0.0031291545970739,0.34504,-0.0005979481644498002
1976,3,813.2395184375,0.0228273148868771,0.345563,0.0040150783490656
1976,4,833.8129511875,-0.015097282234264,0.355058,0.0008739843557925998
1976,5,825.088774375,-0.0137751786601828,0.363542,-0.007268897721015
1976,6,813.47565584375,0.040351153091891,0.360127,0.0060314541024941
1976,7,849.04596584375,-0.010321296377070601,0.35981,0.0038607208736507
1976,8,842.19640484375,-0.0060835797480472,0.371714,0.0049749036689713
1976,9,832.20278775,0.0210973256359808,0.363512,0.004293325478618999
1976,10,856.872114875,-0.0242041349249624,0.382742,0.0038160629938983996
1976,11,838.75885078125,0.0030775370935286995,0.388989,0.0104581584937623
1976,12,842.1392960625,0.0569555835124471,0.379889,0.0027975134977385
1977,1,892.468935625,-0.0402679164041924,0.395145,-0.0140088402583591
1977,2,857.45723346875,-0.0193538254117051,0.404071,0.0008240833992991998
1977,3,839.1928678125,-0.0136684836659401,0.399489,0.0024347664728825995
1977,4,830.59642940625,0.0011395601915698004,0.409168,0.00035169427864780063
1977,5,835.4070910625,-0.014657497742075701,0.411004,0.001706082478255
1977,6,821.06368628125,0.0473951604313748,0.402871,0.005259832562853499
1977,7,863.4904721875,-0.016574414646685902,0.408706,-0.0048819077920125
1977,8,851.953499625,-0.0180884047433546,0.412031,0.0023704235640625996
1977,9,835.4879713125,-0.0026913736931961,0.401918,-0.0022841540678011996
1977,10,835.94155059375,-0.043830871383520605,0.4169,-0.004634750713944501
1977,11,800.77553571875,0.0399885177012876,0.423446,0.0022268177844949003
1977,12,831.29389846875,0.0028340196891813996,0.41895,-0.0034959251146700005
1978,1,838.91475165625,-0.0604547848406375,0.435589,-0.0030414032999027
1978,2,788.78472696875,-0.0141186303199821,0.434622,-0.0009382012191003
1978,3,775.6011526875,0.028694137284100703,0.435945,-0.0006822593714530993
1978,4,799.17351315625,0.0782529254936497,0.451564,-0.0020045056745657
1978,5,864.4878735625,0.0173813090743665,0.449663,-0.0032921500784179997
1978,6,876.04876725,-0.0168714689747637,0.438246,-0.0041450929179197
1978,7,864.99428053909,0.0509972049422474,0.45087,0.002883563173878401
1978,8,912.574231125,0.0374185878485761,0.458031,0.0030490781248674005
1978,9,944.651980875,-0.0140388038033517,0.450204,-0.0032513417590783996
1978,10,937.23205209375,-0.119605582153055,0.465671,-0.0119945002328538
1978,11,829.3847669375,0.0271431755454904,0.459572,0.0012040978584026002
1978,12,851.47188865625,0.0092419050999514,0.460702,-0.008124936755407701
1979,1,867.601801125,0.0420827247351709,0.471874,0.0068710364000126
1979,2,907.0570280625,-0.035428612019686896,0.463877,-0.0049222762328734
1979,3,872.72554929305,0.05587112221017541,0.47019,0.0008097985567138994
1979,4,925.92509898055,-0.0011248218200581002,0.475749,-0.0035320972830905004
1979,5,929.52827373055,-0.0220357549819806,0.479641,0.0062995013884739
1979,6,908.41366884375,0.0386536300488812,0.478724,0.0072070260661667995
1979,7,948.32338390625,0.007485512356054498,0.484811,-0.0066069460379870005
1979,8,960.93181340625,0.05539486067098501,0.474584,-0.0068007046558037
1979,9,1015.0265169375,-0.0075280941871688,0.483234,-0.0067305036539657
1979,10,1013.02438990625,-0.0816940769395094,0.48824,-0.03209811719639
1979,11,936.24741134375,0.0520598963019481,0.480763,0.0138918904939634
1979,12,988.661517375,0.017163114481548,0.486733,-0.002518780127311499
1980,1,1018.64931744522,0.0549499786373132,0.498235,-0.0144417083469098
1980,2,1075.86054352914,-0.0139810691856412,0.509232,-0.0392168301761576
1980,3,1063.45278727142,-0.1285989759188832,0.506402,-0.0016288068364713002
1980,4,935.01764314642,0.0392999429184632,0.52699,0.054498527181331
1980,5,983.0617613409701,0.0526639678798781,0.523426,0.020781253442107003
1980,6,1036.39445787097,0.0303984020816844,0.533977,0.0060852318751442
1980,7,1073.36309188847,0.0648918643168635,0.535892,-0.0114654415768626
1980,8,1149.6979671874399,0.018506308419676,0.553244,-0.0219147467051579
1980,9,1171.11012281629,0.0207243749621071,0.558034,-0.0100132435864313
1980,10,1209.0866667522098,0.011255584457246,0.554782,-0.0133275376649347
1980,11,1229.49247421622,0.0964230201119631,0.573202,-0.00644684294782
1980,12,1348.68300480407,-0.0459218372713903,0.575983,0.008489961058332099
1981,1,1314.65682730163,-0.0499341318069179,0.577366,-0.0050047034770082
1981,2,1260.46089967999,0.0057110465830238,0.598355,-0.0133865380003896
1981,3,1272.7455041498301,0.034426886907697796,0.615204,0.008855404710812498
1981,4,1330.5054717203,-0.0217436432424251,0.617193,-0.023355749210603897
1981,5,1316.6853866584302,0.0019893594010548,0.628303,0.0090814924877066
1981,6,1327.27155799332,-0.0250931342016214,0.632292,-0.0057336439690823995
1981,7,1313.50395869419,-0.0148978531695418,0.620107,-0.017536943875000002
1981,8,1309.18288755188,-0.0700285743013086,0.640033,-0.0169980590801158
1981,9,1225.91199853529,-0.07174898752329881,0.641958,-0.003854593839273699
1981,10,1148.34225167706,0.0491789325137271,0.642699,0.0262499036726253
1981,11,1207.18965377785,0.033184403357100205,0.66076,0.041088364550793705
1981,12,1258.33626715996,-0.036282964542343296,0.663234,-0.0226049213632764
1982,1,1226.22224271144,-0.0316721175810242,0.678471,-0.0023718227418164997
1982,2,1192.23366742483,-0.0584492284516913,0.70106,0.0037037374367802998
1982,3,1123.73871285224,-0.019625103509423703,0.702309,-0.00025371754491860035
1982,4,1099.23160067614,0.0325371571498676,0.703482,0.008394064270081299
1982,5,1143.9291153499898,-0.0380927338067598,0.722363,0.003917941107592601
1982,6,1100.28198994992,-0.0316994462742946,0.723581,-0.0152466710116352
1982,7,1074.32950384572,-0.0314151782325237,0.717484,0.020276056207489
1982,8,1039.93875973594,0.1105044033451084,0.742341,0.024917394869648196
1982,9,1162.0372027191,0.0129442389203272,0.746632,0.0197688006962964
1982,10,1180.98877858217,0.11329670481009241,0.77721,0.0240237371856251
1982,11,1318.34950770771,0.0458623273839314,0.800588,-0.0006802857283891
1982,12,1381.8184379146098,0.0060461672177228995,0.782991,0.0090283347103313
1983,1,1406.85135427152,0.0359122400041133,0.825155,-0.0057088935311031
1983,2,1460.3615942910499,0.0258086379855761,0.847152,0.0115532944192604
1983,3,1498.29782043189,0.028191241842318103,0.859715,-0.0055242770203139
1983,4,1555.3575103883,0.06683175880077821,0.883469,0.009423654895804698
1983,5,1671.308223724,0.0045433996148814,0.900719,-0.012179757855991999
1983,6,1689.95535798437,0.030706689085154303,0.891702,-0.0017838099686217001
1983,7,1767.55888121731,-0.040136813997469496,0.931413,-0.014898211336817499
1983,8,1712.33484574481,-0.0058596810266859,0.950568,-0.0010921066062932003
1983,9,1713.99374764129,0.0094964743359475,0.93308,0.013634840823318402
1983,10,1748.80328594433,-0.0342062183953361,0.970067,-0.0026188098384152007
1983,11,1704.10173083561,0.021444919674204598,0.991776,0.0025770539673254005
1983,12,1749.86594413656,-0.017516309446746002,0.978391,-0.0029931394816045
1984,1,1737.21000132676,-0.0196744204728103,1.003555,0.005321782055379301
1984,2,1717.71963123292,-0.0478048522084659,1.011577,-0.0076631129927223
1984,3,1627.6797553833399,0.0063355411900607,1.041444,-0.0090517892501246
1984,4,1644.82846277102,-0.0051259213675251,1.058194,-0.0037989073240412997
1984,5,1645.53304659967,-0.0597001853752444,1.063499,-0.0201911994246208
1984,6,1552.0280045089,0.018044206846921602,1.077928,0.0022791775095715007
1984,7,1571.29704218718,-0.027924714930829403,1.09265,0.0191958144704307
1984,8,1536.24251724474,0.1028786949516993,1.083078,0.003955148969387
1984,9,1694.70894701206,-0.0077224388870196,1.115889,0.009153080694193001
1984,10,1689.0402367913698,-0.008302553709317501,1.141647,0.0186106460258266
1984,11,1678.74682187255,-0.017642609295654803,1.123264,0.007330397821410999
1984,12,1645.01737705947,0.017785018701252903,1.149134,0.0050786601951327
1985,1,1679.55352913101,0.0796241026474604,1.169877,0.0092799466329417
1985,2,1815.3610115554,0.011973906983217101,1.20506,-0.0153260330108046
1985,3,1837.1325997711401,-0.0084079584816491,1.212004,0.007751758040385501
1985,4,1826.8451821431202,-0.0099597209815342,1.233443,0.007607016062012101
1985,5,1820.24628667365,0.051198512728317803,1.219819,0.0282639206219941
1985,6,1906.5702013090201,0.0126608907745361,1.255597,0.0035090170815096
1985,7,1920.70767493359,-0.0070082273464965004,1.27141,-0.00601136102585
1985,8,1912.4894385351902,-0.0104100554128823,1.25786,0.0074490389457932005
1985,9,1892.5796810929598,-0.045093035213789295,1.281231,0.0004843500603463006
1985,10,1804.69428681039,0.0404877701868719,1.301126,0.008391725179034899
1985,11,1885.1237440201098,0.0643660593060279,1.308982,0.009743514802558901
1985,12,1996.3396656196498,0.0390795761966939,1.326618,0.0157103109966871
1986,1,2086.32356073476,0.0072313899148122,1.338528,0.00048481172344809996
1986,2,2104.04936896717,0.0711713014450447,1.372443,0.022859693338534798
1986,3,2254.01635071161,0.048767013351803196,1.380777,0.0215738204109716
1986,4,2376.9104984717,-0.0129346827960971,1.398986,-0.0005273900812607004
1986,5,2342.46139971221,0.046075768013891,1.401377,-0.0163892414260272
1986,6,2459.3441480901197,0.010314510333898401,1.410266,0.0170292328111464
1986,7,2499.94382635914,-0.0641532121605725,1.426021,0.0014623434998563998
1986,8,2355.7979242155798,0.0604948331817386,1.449615,0.0158767307439555
1986,9,2502.72381238758,-0.0860355964753264,1.471654,-0.0136177966267844
1986,10,2294.1696680219698,0.0468343599691868,1.451741,0.0069046064728489
1986,11,2403.1376111873797,0.011610037299483499,1.489922,0.0045873977934539
1986,12,2428.77994404152,-0.0323048141157563,1.502084,-0.0022526492897953004
1987,1,2350.45744570471,0.12437368487815499,1.513539,0.004285884998787499
1987,2,2651.58459993068,0.0437800225143556,1.548945,0.0017406272305784997
1987,3,2770.42521016413,0.0160370654152295,1.549587,-0.0073410745684343
1987,4,2829.14491661176,-0.0207849527085513,1.534991,-0.0183300766494051
1987,5,2775.2160442153704,0.0010808666801640997,1.572578,-0.0050411531232367
1987,6,2784.35036942424,0.0388530520586078,1.561949,0.004911641161892699
1987,7,2895.09195488101,0.0388152628725089,1.557955,-0.0041813436927462
1987,8,3010.76074324547,0.0351622360415669,1.578709,-0.006890405275258599
1987,9,3114.55489882693,-0.026128121356320796,1.597405,-0.0167760010241815
1987,10,3052.29742986486,-0.2318074778249964,1.592861,0.0235516755086296
1987,11,2350.8625844181097,-0.07728257359512519,1.607669,0.0013564636982427002
1987,12,2162.64144444372,0.06907346348984189,1.624431,0.0076731585623447994
1988,1,2311.7702978162597,0.0422357749346417,1.644655,0.0203567606636366
1988,2,2404.2479650314203,0.0475443032980668,1.663972,0.0043223447374476
1988,3,2512.95491299071,-0.0225754982340932,1.656498,-0.009724514569826499
1988,4,2449.96324342119,0.0057011630627714005,1.684501,-0.0066844055860647
1988,5,2465.90517862237,-0.0028462189053647,1.691753,-0.008459505117709501
1988,6,2454.91540001355,0.0478330092446488,1.677806,0.0120652653195473
1988,7,2559.2362928678003,-0.0124444270231172,1.69077,-0.0081443077341527
1988,8,2535.8926127453296,-0.0330137318624667,1.707056,-0.0028011781153646997
1988,9,2445.71082349673,0.032963531444821205,1.665788,0.0105965663213748
1988,10,2531.53138558329,0.011586379481543202,1.705612,0.008076882445489701
1988,11,2562.70930844872,-0.02285711348392,1.737691,-0.0121256672036605
1988,12,2500.75522063964,0.0147859393253848,1.734119,-0.0019985712997748
1989,1,2509.99744933531,0.0604502077271511,1.758282,0.0058302621188235995
1989,2,2657.47400172828,-0.022484216479938302,1.76029,-0.0100876481430452
1989,3,2599.32150104181,0.0161476553086835,1.769835,0.0005062042988203007
1989,4,2648.56872270475,0.043238539042231405,1.793785,0.0099717316013936
1989,5,2772.70649693023,0.0327247545936795,1.802096,0.0106616148783676
1989,6,2849.423245386,-0.0134223770083635,1.771639,0.018358819423509698
1989,7,2817.7793227818897,0.07168376952434,1.799209,0.009726884130778699
1989,8,3020.30262298107,0.015105032444912302,1.809914,-0.0159123561509736
1989,9,3074.3281890988997,-0.0075457386867358,1.783251,-0.0021210057968483005
1989,10,3064.87141029325,-0.036611563057452695,1.821759,0.013478041025301701
1989,11,2969.50802423329,0.010805111277195299,1.827247,0.0022199433794047006
1989,12,3004.64228751565,0.0117488589695814,1.862564,-0.0033502766943917
1990,1,3056.2117804587,-0.0781229511869998,1.887038,-0.0125748895792582
1990,2,2811.5426020332798,0.010902634382984298,1.871271,-0.0025222249996435003
1990,3,2848.59801921059,0.018342080830706698,1.879903,-0.0039208119582819
1990,4,2917.02296118594,-0.0334869087576451,1.937119,-0.0102318403539725
1990,5,2835.96453778572,0.0845546932062497,1.908757,0.014343511019628798
1990,6,3083.2212939593,-0.010533677540316599,1.918775,0.006541283769810801
1990,7,3061.08723315597,-0.0189170502154866,1.966463,0.0045477526709021
1990,8,3018.87487114231,-0.1007802427171002,1.969403,-0.0131009779107138
1990,9,2717.7366136614,-0.061069743918528194,1.990054,0.0024942649230974
1990,10,2558.5663546255296,-0.0189631766222714,2.030214,0.0068386994985727
1990,11,2518.4123067442197,0.0633985699167455,2.024081,0.011062043120291899
1990,12,2679.46763980589,0.024613257963477297,2.071881,0.0068249441763001
1991,1,2749.81018985421,0.0473561328158065,2.105326,0.004579088366690001
1991,2,2883.24175480199,0.0718527517289406,2.131171,0.0008563685816594998
1991,3,3093.4172712545,0.0265910584732598,2.137481,-6.503031363690008e-05
1991,4,3197.62202061269,-0.0027854721603502003,2.175424,0.0041909078173484994
1991,5,3202.45710694095,0.036747940373224,2.133866,0.0002310722182208005
1991,6,3330.48670871693,-0.0493929265680939,2.133354,-0.004159008523639747
1991,7,3196.34508109397,0.0424019512541918,2.209354,0.0054352230298747
1991,8,3346.31046174453,0.0231475531190952,2.180451,0.012450927611769701
1991,9,3432.00318981592,-0.0159038711328335,2.223723,0.010891026283144398
1991,10,3407.97028552389,0.012855739334324802,2.281373,0.0037375401736993996
1991,11,3468.44656804547,-0.041841629083595705,2.332649,0.0041767307983222
1991,12,3331.5706142334197,0.1083091101435907,2.33912,0.0203435651694244
1992,1,3718.26875998355,-0.0055703681071373,2.338948,-0.011505108697077
1992,2,3703.99485703961,0.0108278476328161,2.391615,0.0005147251271941
1992,3,3752.87399060023,-0.026535920547934,2.414752,-0.0057348318397204
1992,4,3699.1536451399,0.0107502753452312,2.433546,0.0026112017221543997
1992,5,3744.08096973506,0.0029981671063983003,2.439922,0.0097482436437179
1992,6,3755.9806551331503,-0.0232837158529977,2.476889,0.0076964013280857
1992,7,3703.4628338857196,0.0379023628169674,2.485244,0.015000935026498298
1992,8,3852.2061079995096,-0.0237723402146494,2.506629,0.0047600186218987005
1992,9,3760.7475542706197,0.0119376707717938,2.539473,0.008477980253435399
1992,10,3818.6455972002,0.0101594113046501,2.562147,-0.0113416627855064
1992,11,3862.94248841699,0.0412771931929958,2.576787,-0.0026697086767054
1992,12,4022.52193165124,0.0158834483171704,2.584643,0.009771246341514
1993,1,4116.9716275050705,0.0093000576482753,2.65763,0.0119884567535604
1993,2,4163.85557934378,0.0012139418927068,2.668254,0.011209809362795801
1993,3,4175.692066839029,0.023135082028551003,2.636707,0.0008314354666999002
1993,4,4302.841126533281,-0.0304603736040239,2.660582,0.0036610723177878998
1993,5,4183.08101865267,0.0288560567263667,2.696041,-0.002486591095586
1993,6,4309.6702944728695,0.0028181226545631994,2.738594,0.0125455185595673
1993,7,4376.630509959269,-0.0034356643618066,2.694985,0.0020115495170818
1993,8,4372.06887796484,0.0371149686388302,2.755658,0.0124125399595588
1993,9,4540.19129618765,-0.0009747873102644001,2.745303,0.0012124108167785
1993,10,4562.48246592609,0.0141419612367275,2.797569,0.0008723125196230998
1993,11,4635.7147796871795,-0.0186401195383245,2.822541,-0.0079662488792602
1993,12,4559.15254235318,0.016485557924155098,2.851722,0.0011841839507211
1994,1,4675.25577114334,0.028631282086500703,2.886667,0.007303273135417499
1994,2,4820.92516833394,-0.0254423324077638,2.885313,-0.0153713225330574
1994,3,4707.47821677593,-0.0475548316848178,2.883285,-0.014878091594716598
1994,4,4503.02516955209,0.006793890005978201,2.926961,-0.0075334372880827
1994,5,4538.77653370572,0.0057914850703312,2.934808,-0.0026633647632611
1994,6,4577.353308274941,-0.0303957859394422,2.92697,-0.0029731601715001
1994,7,4460.45992285034,0.0281561035304517,2.93561,0.009782440002136
1994,8,4595.64953168913,0.040157028411427896,2.964862,-0.0017104667563929
1994,9,4780.37305313265,-0.0228328226524252,2.930514,-0.011507140170094899
1994,10,4688.65000664393,0.013464116715625401,2.991978,-0.0027542073955862
1994,11,4763.26187244233,-0.0402676474094816,3.038752,-0.0041741458796686
1994,12,4575.38247894197,0.0085908610972022,2.998594,0.0010281291791073002
1995,1,4629.4837448199,0.0180102255419315,3.052253,0.0101121535080332
1995,2,4722.44105580198,0.0362887823954069,3.068008,0.011821677785007298
1995,3,4902.2746691558905,0.022357750182923502,3.073067,0.0017893883434894004
1995,4,5037.60529193622,0.021068142400541102,3.124586,0.005404803768157399
1995,5,5157.97405965775,0.0289313926663586,3.131489,0.0228099937744297
1995,6,5319.37534574845,0.0271753468508134,3.074084,0.0024946324356307998
1995,7,5498.47812931129,0.0371220267428728,3.143416,-0.0048972120576185
1995,8,5712.25595583245,0.005536117090425,3.163652,0.0044250768581704
1995,9,5774.99674012904,0.0335118344892275,3.121079,0.0028251756310035993
1995,10,6002.04372500865,-0.0151320390670206,3.18936,0.006675781254428599
1995,11,5946.15939739712,0.0396362617786177,3.189308,0.007479861084440401
1995,12,6216.859187094949,0.010325509416740701,3.208482,0.0054640990391447005
1996,1,6322.192661845001,0.0225450712307422,3.231036,0.0018844984323166001
1996,2,6482.412939317761,0.013287662003717301,3.199529,-0.0141381878823902
1996,3,6584.78505709801,0.0073511064773427,3.247325,-0.0081319972021646
1996,4,6675.362398120459,0.0205494164885134,3.299573,-0.0066151515609342995
1996,5,6867.340957276029,0.0238225151833544,3.223219,-0.0031957651677831005
1996,6,7079.38442767832,-0.0113351979982072,3.237388,0.004740333872087299
1996,7,7055.790930511,-0.059562053797331004,3.272409,-0.0008817721421976003
1996,8,6656.26830735779,0.027700631579926797,3.257536,-0.0036083570419488996
1996,9,6863.89530927221,0.0500666475247995,3.289153,0.0080002085897601
1996,10,7239.630477055371,0.0086693477392675,3.313619,0.011490675138602802
1996,11,7316.54781460943,0.0626011560425326,3.309666,0.008144655401644
1996,12,7803.67666239008,-0.0167433455069049,3.346908,-0.0089956368464304
1997,1,7708.14288493131,0.050101406920970204,3.363405,-0.0014091287095214003
1997,2,8111.36063309497,-0.0047409282990582,3.357739,-0.0019105049034427001
1997,3,8096.47882741818,-0.0501629689494367,3.350812,-0.0089986185631255
1997,4,7728.29455698936,0.0403037969440713,3.424199,0.006149566674865101
1997,5,8057.10792315191,0.0679159968174993,3.380493,0.0033025968781479993
1997,6,8626.20576923471,0.0408890480627863,3.307899,0.0054859029878623995
1997,7,8977.531331698481,0.0729763609865966,3.330246,0.0152269624137308
1997,8,9667.54630501278,-0.0408759697405366,3.309888,-0.0089606861578784
1997,9,9300.20824948014,0.0532197015091076,3.294775,0.0075659741887416
1997,10,9865.13283223625,-0.0376388671774378,3.318298,0.0079431845398194
1997,11,9519.83476189149,0.0299791535084896,3.321626,-8.367056880180003e-05
1997,12,9831.93685220088,0.013469955730025199,3.348227,0.005056419003705399
1998,1,10020.41267633785,0.0015157393808341996,3.357335,0.0071160099059176
1998,2,10065.58991168877,0.07030608739566689,3.319561,-0.0044370063280556
1998,3,10793.32367138848,0.0469620814470016,3.34795,-0.00042654393663470007
1998,4,11387.887563530381,0.007367722348859101,3.357505,-7.541801096200024e-05
1998,5,11491.22122295796,-0.0304239407963568,3.268857,0.0036932884821011002
1998,6,11203.593214786939,0.0318831403858333,3.222057,0.005073922817204099
1998,7,11662.76362875421,-0.0241272574132413,3.238098,-0.0008112501967281003
1998,8,11436.12744286742,-0.16021962959995398,3.208756,0.016993973477568397
1998,9,9621.67085261413,0.0626166856506982,3.168756,0.0141255698440465
1998,10,10256.20111817895,0.069661163563597,3.18848,-0.0039645122782241
1998,11,11000.59218967187,0.060495312460311604,3.174216,-0.0019831886599813
1998,12,11617.26794087797,0.061432776246303604,3.177721,-0.0011866555732755
1999,1,12363.43758997295,0.0347937887326002,3.201183,0.001248811655449
1999,2,12781.680374323392,-0.0405959188675776,3.178965,-0.0185519222672152
1999,3,12318.08588021397,0.034938328121163,3.151159,0.0011459343192722002
1999,4,12794.0378426688,0.0432363456165216,3.205724,-0.00046491373175859985
1999,5,13430.85524110113,-0.024600338301761702,3.103502,-0.0087872722774621
1999,6,13196.15846518533,0.047530690072386805,3.069125,-0.0028456240814643003
1999,7,13835.63315949704,-0.0347700909577193,3.092361,-0.0034120192065368996
1999,8,13438.60531095499,-0.013700824160696401,3.065487,-0.0020832520977804
1999,9,13315.31477387417,-0.0275384239713118,3.025661,0.0031621138746330997
1999,10,13028.8763754884,0.0611577387424605,3.056589,-0.0026388316664038
1999,11,13942.37958006843,0.0338942346163063,3.055216,-0.0032385030617795
1999,12,14550.74312473736,0.0772575713169036,3.070626,-0.0057309751588569
2000,1,15790.01347771164,-0.0476098905889935,3.115168,-0.0014210433218115998
2000,2,15096.1793322426,0.0246027956581025,3.038349,0.0063815661837781
2000,3,15652.11998616055,0.0524096621582069,3.032545,0.0096948705228579
2000,4,16767.286996779752,-0.0639370651534307,3.052594,-0.0049736213751155
2000,5,15826.5279138468,-0.0436853299526843,2.970012,-0.0011266078499233998
2000,6,15224.91800116665,0.047086614070607005,2.913642,0.008228665332652901
2000,7,16029.53146242099,-0.0247240426486317,2.897571,0.0032722973412347995
2000,8,15687.824993050119,0.0703108999599926,2.865441,0.006082352834706599
2000,9,16907.5526830999,-0.0543762381698551,2.846343,-0.0025276591220206005
2000,10,16136.0473993359,-0.0274317057959413,2.823747,0.0028020171722457
2000,11,15751.36794365359,-0.1068935799132468,2.81326,0.0088087079703216
2000,12,14106.74388532672,0.0119331230944098,2.799616,0.0098194528914028
2001,1,14349.09797115602,0.032557590840197,2.787214,0.0038944312090135004
2001,2,14882.95858200934,-0.10020850721638751,2.772942,0.004715318957866199
2001,3,13419.55937282183,-0.0726563962597915,2.765,-0.0004029692806165998
2001,4,12507.23748652004,0.07935614034599929,2.786054,-0.0097381527316188
2001,5,13558.931324387699,0.006840169862547599,2.68415,0.0014044421547924
2001,6,13672.39375447605,-0.0193141250632352,2.640763,0.00019157915260629987
2001,7,13460.67991066864,-0.0213460906021109,2.627574,0.013294317508259301
2001,8,13215.750182945061,-0.06387328239870821,2.63173,0.0065455178458975
2001,9,12401.2144481621,-0.09230733102042239,2.689759,0.0087464914509537
2001,10,11264.36886780752,0.0248740202949069,2.697832,0.0163259084499017
2001,11,11573.553563660931,0.0752543011580683,2.69151,-0.015842870696079
2001,12,12439.55323056558,0.0161025988288547,2.705536,-0.005567538979188
2002,1,12656.37319030545,-0.0143997803463839,2.736116,0.0027850249280344
2002,2,12475.03406211921,-0.0229129932008179,2.703127,0.0047323947284334
2002,3,12192.431758041741,0.0423739202222763,2.770115,-0.014731611848123001
2002,4,12740.59040838683,-0.0520499526487413,2.790645,0.0138318443143213
2002,5,12098.79772938936,-0.013570151955746,2.755949,0.0027849850872586
2002,6,11934.101554668181,-0.07195026105942169,2.742454,0.007707276506388599
2002,7,11081.31605563508,-0.0819362749916085,2.800279,0.0127796256636576
2002,8,10186.576300678,0.004948408757160501,2.811369,0.011251232952895599
2002,9,10215.99444492771,-0.1032578505090081,2.837365,0.0142803052128168
2002,10,9158.015168193991,0.0782979447324684,2.894225,-0.0062411191634977005
2002,11,9873.72509497083,0.0595251678705933,2.8857,-0.006536842422665499
2002,12,10453.30154464803,-0.057521960111999004,2.942479,0.0143214109381336
2003,1,9853.39960026412,-0.0256228354085728,2.960667,-0.0022450468532336
2003,2,9596.28843461305,-0.0188252561891801,2.92673,0.0087686873756567
2003,3,9404.307885895809,0.0109073483667638,2.972653,-0.0020150565893471
2003,4,9499.78358219893,0.08180555400260861,3.060478,0.0017521800426537001
2003,5,10279.006446231899,0.0604651869382453,3.048624,0.014014223575399101
2003,6,10884.0982289331,0.014213292772531399,3.010444,-0.0025258511330684
2003,7,11047.62228008525,0.0233376648977081,3.119212,-0.0221451498764633
2003,8,11305.86911069169,0.0232811701521272,3.122843,0.0004989035701988999
2003,9,11572.36478380414,-0.0124011233160714,3.111733,0.0169736864926123
2003,10,11474.00798877685,0.0607902070363508,3.18642,-0.008548259291494699
2003,11,12172.82113260707,0.0134622391887078,3.204223,-0.00029972087740409996
2003,12,12339.496760857,0.0428350197896221,3.231562,0.0052771240986816
2004,1,12843.4824714858,0.021528992962679502,3.288396,0.004183093103512199
2004,2,13118.442949990651,0.0140057063009162,3.281211,0.006633395685636099
2004,3,13323.50913721887,-0.0131398720074887,3.314193,0.0046342726738306
2004,4,13182.57108166938,-0.018117315618213,3.41624,-0.0188268255595727
2004,5,12954.1116550329,0.0117409738328654,3.374268,-0.002361615227651
2004,6,13099.287116131241,0.0185595634287579,3.386584,0.0028331967926547
2004,7,13336.4319521129,-0.0403560734823735,3.445197,0.0040313567130368004
2004,8,12801.27036079826,0.0007449271237894,3.449022,0.0115158894794496
2004,9,12813.15149450792,0.015972577412969202,3.457332,0.00014304860393659995
2004,10,13004.86094247892,0.0142458457504209,3.485676,0.0038615080808936005
2004,11,13154.090877929239,0.0453717474881022,3.537745,-0.0086172774303644
2004,12,13781.69461685952,0.0341012370615634,3.566352,0.004414763184537
2005,1,14273.59639970391,-0.0275374039005673,3.560927,0.0028472505902599997
2005,2,13881.82389295778,0.0188185339524746,3.583867,-0.006193408598791
2005,3,14150.279657703279,-0.0193471033529917,3.615486,-0.0022990629140842
2005,4,13885.16939596566,-0.026088775559498,3.679997,0.0085189491380381
2005,5,13545.09587241217,0.0365105453357095,3.661514,0.006415352294602
2005,6,14026.28063424054,0.0057092381438193,3.597585,0.0021955651471355004
2005,7,14117.73920573372,0.0391388858137672,3.603765,-0.0102474322186518
2005,8,14678.53009704131,-0.011883721623581499,3.648388,0.0077760043165305
2005,9,14489.319702123501,0.0048319253566726,3.642991,-0.0096493992251467
2005,10,14593.19833612278,-0.020415363154607503,3.639111,-0.0061667979255845
2005,11,14304.463152582679,0.0361816106544,3.685018,0.0013449841680574998
2005,12,14832.55999070837,-0.0023781231621875,3.695351,0.0038234347467523996
2006,1,14790.87068661741,0.030327882241176,3.706014,-0.0036561137418308002
2006,2,15214.267415592649,-0.0029413758883259,3.724123,-0.0016535649143222
2006,3,15220.481482464122,0.014696000469920902,3.750819,-0.007693876504396201
2006,4,15479.826852671418,0.007267460180740001,3.838167,-0.0044285663143876
2006,5,15559.39018126758,-0.0354489746914934,3.811749,-0.0027610395579406
2006,6,15055.55977211927,-0.0034775304949349996,3.739739,-0.0003180747061825996
2006,7,15021.63573608752,-0.0077617510506841,3.741978,0.005233275336584199
2006,8,14932.22905698535,0.0202009866326475,3.767546,0.0062030811369638995
2006,9,15188.112533120411,0.0184890866189156,3.761859,0.0031219103924051
2006,10,15504.0174563129,0.0321963964609117,3.792997,0.0006555426500665
2006,11,16030.339982400881,0.0170369391378518,3.805401,0.0034722167995693996
2006,12,16308.122581568501,0.0085232939336112,3.785232,-0.0074646960143002
2007,1,16457.73223748572,0.0140126225738766,3.819366,-0.0030124465468646003
2007,2,16704.51811162878,-0.0195584545665761,3.824799,0.006884764894766599
2007,3,16386.25914145035,0.0068969817091528995,3.836654,-0.0023569337388562005
2007,4,16545.92076064268,0.034831645817682805,3.901732,0.0006043141595544
2007,5,17138.90382508592,0.0324051896879197,3.87473,-0.008106684203106701
2007,6,17688.65974319562,-0.0194861626832974,3.778049,-0.0025590864567850997
2007,7,17356.847017217362,-0.0371133147016874,3.798251,0.008713083652547299
2007,8,16687.94255801883,0.0091741747604189,3.830372,0.0069567333319808
2007,9,16834.123384021248,0.0320307188704681,3.832719,0.0010783683633785995
2007,10,17318.95164728291,0.0180046338964577,3.892458,0.0033879830330669
2007,11,17559.42798204668,-0.0480168673935477,3.818672,0.018668011455926902
2007,12,16640.43273841843,-0.0088016682184158,3.893565,-0.0020004211395632998
2008,1,16490.93471789587,-0.0637097652829378,3.942124,0.0170453028251195
2008,2,15420.56727369469,-0.030841055959122,3.903779,0.0056536892747819
2008,3,14878.40502376121,-0.0095320115367751,3.972874,0.0034562843108265004
2008,4,14746.23105431192,0.0467541458999639,4.099094,-0.0110275479517081
2008,5,15408.99964115068,0.0194167568993346,4.019121,-0.0094787721456845
2008,6,15677.81815609347,-0.0842575192876986,4.018773,0.0046546906969362
2008,7,14351.62418342061,-0.0075815124946654,4.042494,0.0025757458585888996
2008,8,14225.478629150819,0.015211003889667401,4.081687,0.0056659750355933
2008,9,14406.79804097139,-0.09291998620827391,4.174809,0.0041590154961922
2008,10,13075.84066623929,-0.17166104118460487,4.534957,0.0002190612716112001
2008,11,10767.82426539885,-0.0774925394087097,4.922521,0.0290051377527883
2008,12,9842.331866535427,0.0176490266436298,5.076132,0.017994122083118798
2009,1,9988.10490292983,-0.08085062630680849,5.030758,-0.015526387408426
2009,2,9148.48217082228,-0.1008893076533402,5.087654,-0.0021683249776274
2009,3,8175.58834479087,0.0896463207548541,5.310335,0.011438730928177201
2009,4,8783.251494092381,0.1016479090544907,5.51864,-0.0101550590766432
2009,5,9660.40112760272,0.0520510519589013,5.571375,-0.005457195540833499
2009,6,10180.83052396366,0.004290682662382,5.709102,-0.0014775724638739999
2009,7,10243.39524639617,0.07715430799447541,5.864377,0.0030502182136901
2009,8,11037.988592853491,0.0332474088201789,5.955394,0.0050798085238604
2009,9,11422.52983080916,0.0407815789344839,6.052943,0.0046415729834928
2009,10,11948.274976372471,-0.025538133794651297,6.179915,2.5550748154448195e-06
2009,11,11590.04740109486,0.055698366858362304,6.188354,0.008441523025785299
2009,12,12200.9814343517,0.0274666147785104,6.262433,-0.016558947298503098
2010,1,12550.00876645434,-0.0334623382967082,6.472713,0.0111066550201593
2010,2,12120.77188988418,0.033901007882505094,6.530802,0.0010949122695364
2010,3,12495.90410095442,0.06305578585165571,6.622925,-0.0047154284273941
2010,4,13302.0129007698,0.0199846741374654,6.92636,0.0071312446717599004
2010,5,13553.14198308527,-0.0789165150179864,7.057622,0.0110189516999009
2010,6,12465.245451312241,-0.0555366822015449,7.246358,0.0132833756285743
2010,7,11750.03547768246,0.0690743627933071,7.326192,0.0037290464401012998
2010,8,12513.01434675637,-0.0477071498965587,7.441604,0.0139052894380726
2010,9,11875.00261515391,0.0954043691024233,7.542566,-0.0002358051561446
2010,10,12974.85676435232,0.0386716082762675,7.64564,-0.0007681153452763
2010,11,13439.96002610545,0.0059481339037038,7.786456,-0.0052116855735071
2010,12,13571.56450929833,0.0681318170428357,7.838768,-0.012299941143662799
2011,1,14480.21362864916,0.0198905323657884,7.99438,-0.0002077553163811
2011,2,14796.43886549177,0.034831671836069,8.12689,-0.0009706197040135
2011,3,15276.12032671088,0.0044787103989741995,8.155468,-0.0010589239509685
2011,4,15339.904134205231,0.0289245892041176,8.233139,0.0094002126463343
2011,5,15759.99825267695,-0.0126842823500624,8.313352,0.0106032045468295
2011,6,15507.30703419776,-0.0174127241464716,8.36775,-0.0020225134695841
2011,7,15180.38497410911,-0.0235011914117183,8.430411,0.0135482019144859
2011,8,14789.63750656561,-0.0598003843412588,8.558769,0.0190544517609927
2011,9,13841.94517885728,-0.0756645271285193,8.564279,0.011886139095903999
2011,10,12726.59941667598,0.1133175376356186,8.670241,-0.003294403578615
2011,11,14116.13575593496,-0.0027998812119948,8.782061,0.002817158725319
2011,12,13983.133102624492,0.0074025673835042,8.854997,0.0064474408684631
2012,1,14018.18289908939,0.0504937039130023,8.988996,0.0033983749641274996
2012,2,14690.980583907749,0.0441721394624151,9.100593,-0.0047293840459174
2012,3,15273.40892523265,0.0311688644173925,9.191577,-0.0070866997933208
2012,4,15730.85585773295,-0.0085871735352299,9.34766,0.0104632027331621
2012,5,15567.781152223339,-0.0616794723951423,9.425469,0.012970076299842198
2012,6,14544.85955783636,0.0389190426820631,9.406598,-0.0028656013175539
2012,7,15076.091280674811,0.007866101748319499,9.545024,0.0077701069697927
2012,8,15151.00372485437,0.0254795057683328,9.607231,-0.0012047336704106
2012,9,15452.39712300886,0.0273100117905257,9.638883,-0.0025004839117077
2012,10,15852.32380454876,-0.0175277672916276,9.740801,-0.0016973784238397
2012,11,15539.30919234218,0.0077619861418131,9.821259,0.0039293462944739
2012,12,15577.713740730649,0.0117169522599615,9.864837,-0.0036464111235316
2013,1,15709.62593271468,0.055673017145885496,9.98418,-0.0061291990028349
2013,2,16565.68388845487,0.0128580073821517,10.007206,0.0045768039371052996
2013,3,16696.82878027137,0.0403252124617515,10.2025,0.0007893675667442
2013,4,17368.48604539778,0.0155340059804018,10.328891,0.0071578403769344
2013,5,17613.65568090899,0.0280299511826583,10.3,-0.0132383256781883
2013,6,18058.09200710923,-0.0119227599118018,10.212969,-0.0104984137387599
2013,7,17779.99832809303,0.0564263118669696,10.310489,-0.0006516989682799
2013,8,18731.53390822735,-0.0270396991536896,10.367123,-0.0056134723197864
2013,9,18178.17878731497,0.0376692796227555,10.425668,0.0073605755036098
2013,10,18812.817700611,0.041660857480292995,10.464009,0.0034290177190011
2013,11,19530.57041349763,0.031218957040361397,10.471333,-0.0028974080809902997
2013,12,20095.272456564788,0.0280770190719558,10.638025,-0.0082432104094681
2014,1,20618.54134277179,-0.033168830189538895,10.676765,0.0138864392569476
2014,2,19917.9578808406,0.0464898939348889,10.61515,0.0017832297571166
2014,3,20822.672901219572,0.0043736650732037995,10.767118,-0.0022139158442295997
2014,4,20886.5444791278,-0.0018771736378523,10.922939,0.0045859044979753
2014,5,20866.426267372797,0.0206016720298195,10.78421,0.0073438588077823
2014,6,21216.65375316863,0.0260895263529441,10.769918,-0.0011309362028342
2014,7,21748.21943013303,-0.020383213007926698,10.753346,-0.0004950899290491
2014,8,21266.838268237098,0.0423232734000088,10.799359,0.0089396387695477
2014,9,22070.84110496385,-0.0196947223123102,10.848526,-0.0039079846632759
2014,10,21594.68439406768,0.025117730674526297,10.89881,0.0072482526646420005
2014,11,22103.15889587883,0.0254916880088625,10.934773,0.0077642751762585
2014,12,22574.11326106735,-0.0005821159250247,10.967535,0.0006479595849783
2015,1,22480.279879294652,-0.0310894333010636,11.046191,0.0224320070165713
2015,2,21737.961802575723,0.0612861030151689,11.092205,-0.0132152894879189
2015,3,22924.88005116523,-0.0110751982197954,11.103538,0.0049740744398724
2015,4,22550.81802789684,0.005886605136205,11.185907,-0.004006106800442001
2015,5,22651.31963076529,0.0136294013692969,11.126198,-0.0031538906437048003
2015,6,22844.72563422549,-0.015260073442871601,11.134213,-0.0068711824493801
2015,7,22442.38272968483,0.015496519852843001,11.163306,0.0087624505398553
2015,8,22777.07848038546,-0.0602388223882315,11.227068,-0.0013451938927665
2015,9,21313.69010222145,-0.030644475861877702,11.214682,0.0087722218206137
2015,10,20584.28272507212,0.0774645378785541,11.24889,-0.0033470853214931
2015,11,22079.062173301332,0.0056474678490079,11.176159,-0.0030316549548198
2015,12,22095.666501920972,-0.021653502836594098,11.417963,-0.0017554279527846
2016,1,21537.66696907495,-0.0575136211471219,11.489514,0.0166811941462374
2016,2,20213.98559535617,-0.0007029167697888,11.539788,0.006651562682678499
2016,3,19996.5573645592,0.0695160026213098,11.60671,0.001352945865828
2016,4,21296.32822800743,0.0091486875326198,11.684659,-0.0018755959721334001
2016,5,21421.727715459598,0.0177129148411998,11.666705,-4.626951004662188e-05
2016,6,21647.671250741132,-0.0004425417088818,11.625284,0.0184539730408834
2016,7,21588.371361596903,0.0395203859003587,11.67583,0.0020275204799098
2016,8,22360.38086393374,0.0049609180078592,11.732994,-0.0047809579350981
2016,9,22390.82730138498,0.002624081796538,11.781241,-0.0002047528075159159
2016,10,22331.323321393502,-0.0201889292207303,11.85802,-0.008165566052276899
2016,11,21838.418765138482,0.048629673727744904,12.022283,-0.0203453438412993
2016,12,22803.39060306699,0.018163449555067,12.08999,-0.000703217154558
2017,1,23132.96428884978,0.019374053069099898,12.101829,0.0016198072881658998
2017,2,23548.80749822499,0.0355843896333711,12.127142,0.0022416858174027
2017,3,24280.17717145207,0.0016701006176876002,12.04056,0.0011865556553239
2017,4,24264.143533764993,0.010875331678896,12.117009,0.0044743421368353
2017,5,24515.88890691261,0.010634645728135701,12.156215,0.0042535210732128
2017,6,24724.647504379187,0.0079618476193765,12.123583,-0.0011530555254460999
2017,7,24814.5321409717,0.0186757270289102,12.1534,0.0003514224799215
2017,8,25133.11611430716,0.0017189386001636,12.230868,0.0079115236957126
2017,9,25135.07447563178,0.0249570465506477,12.185665,-0.007560706944481599
2017,10,25748.18504910538,0.022493254376832,12.355155,-0.0013718849662837
2017,11,26277.30033816887,0.031219627322786603,12.470147,-0.0011226813791271
2017,12,27032.677010365842,0.010534944192053001,12.527644,0.0014573244190106002
2018,1,27283.71871655695,0.0557596151911178,12.604683,-0.0104439929519424
2018,2,28820.2613803068,-0.036448026702443695,12.612789,-0.0066136789253499004
2018,3,27694.66116718616,-0.022548248944728202,12.721504,0.0068608464965506
2018,4,26999.15379757097,0.0028023393900340997,12.965916,-0.0077486563120355
2018,5,27132.60882047977,0.0264782426170134,12.944809,0.0049140659402230995
2018,6,27839.287810178692,0.004888057055343099,12.89167,0.00040290434323260005
2018,7,27871.19745541737,0.031975113632017306,12.989736,-0.0039127576785822
2018,8,28761.14928896484,0.0344631179145793,13.095575,0.0042316120263116
2018,9,29693.01400208441,0.0006149750492067002,13.213249,-0.008123566113168699
2018,10,29679.61240192458,-0.076456384205369,13.284576,-0.0042889855235393
2018,11,27349.407253827863,0.0170677404361206,13.317968,0.0059207131697005
2018,12,27664.51701669435,-0.0954204662618351,13.30732,0.013973834619855
2019,1,24964.22739094219,0.08410036255503639,13.468483,0.0021220298666291
2019,2,27044.41169463671,0.033938517331187204,13.459355,-0.0035211457167949
2019,3,27848.641275498212,0.010999700071324201,13.491569,0.0131844758984381
2019,4,28138.56408870628,0.0396050945737138,13.770403,-0.0037576442202178002
2019,5,29245.804240739762,-0.0692542223297929,13.758386,0.016673083238836803
2019,6,27280.744968940868,0.0692299678105287,13.697594,0.0044839143503718
2019,7,29209.397990925758,0.0122376111614262,13.802757,-0.00118974670735
2019,8,29570.361352451728,-0.0260074874924637,13.708863,0.0235886677840331
2019,9,28755.086546138402,0.014292753683160998,13.755719,-0.007386358362541199
2019,10,29155.62487944616,0.0206112311080868,14.06398,-0.0008211343365630001
2019,11,29715.20415765855,0.038673589188076105,14.149142,-0.003100668450407
2019,12,30775.059849998717,0.0276318894008257,14.347371,-0.0054104032763277
2020,1,31594.79571170541,-0.0009176371631674002,14.34262,0.0184454305155898
2020,2,31535.343084046668,-0.0812844243499933,14.380197,0.016878649981520298
2020,3,28931.39326287857,-0.1337654258146048,14.503814,0.023478358414518202
2020,4,25025.34163097401,0.1359005086918011,14.724398,0.0014522259702015
2020,5,28385.44737061314,0.055831419039986806,15.717685,-0.0009941417393439
2020,6,29951.47098658485,0.0246099929532804,16.532871,0.0008505539652477
2020,7,30723.82013191656,0.0576954721479883,17.363549,0.0068981146078341
2020,8,32542.144353572337,0.0762626722336176,17.540773,-0.007099307505206
2020,9,35025.81348880762,-0.0362833341313491,17.616046,0.0013118494306657998
2020,10,33812.00904333478,-0.0210023387779889,17.868766,-0.0064175052348599
2020,11,33111.61915709762,0.1246808941518191,17.956067,0.0029545626045070997
2020,12,37257.60249567442,0.046313430518285806,18.068858,-0.0020828460371834
2021,1,39098.50307868889,-0.0002029950637527,18.30644,-0.0053127455171381
2021,2,39124.96486054069,0.0277720635460658,18.52256,-0.0132756764893042
2021,3,40270.93401188076,0.030849313418071102,18.590657,-0.0096514615674714
2021,4,41740.5808864586,0.0492278699335543,18.81026,0.0054839944170326
2021,5,43941.259486729316,0.0028766719822722,18.777908,0.0014130359934986
2021,6,44079.41396351331,0.0275110395847789,18.669788,0.0054854240899981
2021,7,45388.47557242406,0.0126465962387754,18.861944,0.0102992065568718
2021,8,46001.89643737957,0.029069085386784,19.05142,-0.0016467596767215
2021,9,47305.57494703837,-0.0436707887377735,18.966135,-0.006219679137951
2021,10,45312.370455411365,0.06648173506219901,19.061914,-0.0015179673551796
2021,11,48315.66080510243,-0.015459680790373801,19.452787,0.0049500218456062
2021,12,47603.33274107913,0.0310063155381431,19.35973,-0.003939258799201
2022,1,49037.60894423985,-0.062474025061487304,19.642686,-0.013151171960548401
2022,2,45935.80079238443,-0.0228137975073353,20.176595,-0.0045097009108992
2022,3,44861.089818625325,0.0305660461316634,20.220345,-0.023017899068359902
2022,4,46079.64600718134,-0.0944362117075248,20.346119,-0.0248918428642919
2022,5,41668.27668663959,-0.0034071999204717,20.435582,0.0027432540878349
2022,6,41429.2537114626,-0.0842379964348725,20.265664,-0.0086532152114374
2022,7,37831.97297278709,0.0955605948884053,20.388772,0.013406145230319
2022,8,41373.36074694813,-0.0377071143745648,20.541339,-0.0225963175288864
2022,9,39767.97162350118,-0.0934781426948829,20.669137,-0.0286283701247959
2022,10,36039.51098954308,0.0783509349346088,20.793648,-0.012211829257979801
2022,11,38792.01203077031,0.0461029307762547,20.947719,0.0214796183422728
2022,12,40527.31331166516,-0.0640618834508149,20.955656,-0.010155269025586201
2023,1,37951.30538725455,0.0664143311551237,20.94818,0.0180973022099505
2023,2,40553.29867117553,-0.025851975992996303,21.247076,-0.0204081642069101
2023,3,39495.06873245551,0.024428113089458,21.268594,0.02114753280023
2023,4,40463.52541234111,0.0059251185606611,21.365779,0.0005224950172584997
2023,5,40791.8330827158,0.0034273705497600998,21.302955,-0.0125732466644896
2023,6,41014.1914897007,0.064558971118999,21.201485,-0.0082503775816576
2023,7,43754.32621627582,0.0322336103073857,21.839502,-0.0056700179412832
2023,8,45286.6188502796,-0.0238698173565315,22.237292,-0.0079195747849148
2023,9,44242.217893821835,-0.0523906684430238,22.263084,-0.020219595820715
2023,10,42056.231865757916,-0.0317831281371779,22.778684,-0.014801475269475499
2023,11,40756.910223481245,0.08863561798806731,22.959323,0.0263163584961547
2023,12,44403.429944121,0.048692878302923404,23.017604,0.0217194797477551
2024,1,46631.66238098646,0.007015671842987701,23.262016,-0.0037149681793915
2024,2,47140.19882945392,0.0506540327059168,23.373292,-0.0142964576961253
2024,3,49605.34318204971,0.028406313478843197,23.506395,0.0016133576197729996
2024,4,51113.14140535412,-0.0468723438542062,23.768157,-0.020675903630917
2024,5,48908.14189528505,0.0432632824126128,23.620926,0.007184976141245101
2024,6,51129.06144134458,0.0276982667562741,23.629648,0.0038994103680979
2024,7,52701.20261212976,0.0121710214726229,23.88711,0.0151126446828862
2024,8,53565.91712137945,0.016517355398537,24.076745,0.0057181955993734
2024,9,54594.98846898674,0.0168051738804219,24.240686,0.004994083589537301
2024,10,55717.449768711056,-0.0097050131249197,24.488777,-0.0206430206980331
2024,11,55336.41355677566,0.0650025058470649,24.537372,0.0036747420561256995
2024,12,59062.95280902655,-0.0316365001302184,24.807002,-0.0156493034563095
